Business Name,Type,Priority Tier,Priority Score,AI Readiness Score,Data Completeness %,Multi-Location,Location Count,Area,Tech Park,Building,HQ Location,Business Category,Description,Website,Phone,Email,LinkedIn,Has Direct Contact,Employee Count,Revenue Range,Google Rating,Primary Persona,Decision Maker Persona,Persona Title,Persona Pain Points,Persona Goals,AI Value Proposition,AI Pitch Script,AI Pitch Opportunity,AI Use Case,AI Maturity,Tech Stack,Decision Making Process,Budget Authority,Engagement Strategy,Contact Priority,Last Enriched,Competitors,Recent News,_research_query,_enriched_website,_enriched_linkedin,_enriched_emails,_enriched_phones,_research_sources,_search_engine_used,_research_error,_research_timestamp,_page_description,_page_facebook,_page_twitter,_page_instagram,_page_youtube,_page_github,_page_contact_url,_page_about_url,_page_careers_url,_page_blog_url,_page_tech_stack,_page_founded_year,_page_employee_count,_page_headquarters,_firmographic_query,_firmographic_sources,_firmographic_errors,legal_name,registration_number,jurisdiction,incorporation_date,company_status,company_type,official_website,industry,sic_code,employee_count,headquarters,officers
ABB Global,Enterprise / Tech Company,Tier 2 - Warm,75,65,89,No,1,HITEC City,Cyber Pearl,Block 1,"Zurich, Switzerland",Industrial Automation,"Swedish-Swiss multinational corporation in robotics, automation, power",https://www.abb.com,+91 40 1234 5678,,https://linkedin.com/company/abb,Yes,"105,000+",$30B+,4.2,CTO - Industrial AI,CTO - Industrial AI,,,,,,"AI robotics, predictive maintenance, energy optimization",Very High - AI in industry,,,,,,,,"Siemens, Rockwell, Schneider",Industrial AI center in Hyderabad,,https://www.abb.com,https://linkedin.com/company/abb,,,,,,2026-06-30T11:03:10.091513,,,,,,,,,,,,,,,ABB Global,,OpenCorporates:401 Client Error: Unauthorized for url: https://api.opencorporates.com/v0.4/companies/search?q=ABB+Global&per_page=5,,,,,,,,,,,,
ADP India,Enterprise / Tech Company,Tier 2 - Warm,75,65,89,No,1,HITEC City,Laxmi Cyber City,Main,"Roseland, USA",HR Tech / Payroll,Global provider of human capital management solutions,https://www.adp.com,+91 40 1234 5678,,https://linkedin.com/company/adp,Yes,"60,000+",$17B+,4.1,VP - AI HR Tech,VP - AI HR Tech,,,,,,"AI payroll, talent analytics, HR automation",High - AI in HR,,,,,,,,"Workday, SAP, Oracle",AI-powered HR analytics platform,,https://www.adp.com,https://linkedin.com/company/adp,,,,,,2026-06-30T11:03:22.488962,"ADP offers industry-leading online payroll and HR solutions, plus tax, compliance, benefit administration and more.",https://www.facebook.com/AutomaticDataProcessing,https://twitter.com/adp,,https://www.youtube.com/user/adp,,https://www.adp.com/contact-us/customer-service.aspx,https://www.adp.com/about-adp.aspx,https://jobs.adp.com/?rb=ADP_COM,https://www.adp.com/spark.aspx,,,49,,ADP India,,OpenCorporates:401 Client Error: Unauthorized for url: https://api.opencorporates.com/v0.4/companies/search?q=ADP+India&per_page=5,,,,,,,,,,,,
AMD,Enterprise / Tech Company,Tier 2 - Warm,75,65,89,No,1,HITEC City,Mindspace Madhapur,Building 11,"Santa Clara, USA",Semiconductor,Designs and integrates technology that powers millions of devices,https://www.amd.com,+91 40 1234 5678,,https://linkedin.com/company/amd,Yes,"25,000+",$23B+,4.3,VP Engineering - AI Acceleration,VP Engineering - AI Acceleration,,,,,,"AI chip design, GPU for ML, data center AI",Very High - AI hardware focus,,,,,,,,"NVIDIA, Intel, Qualcomm",Hyderabad team works on AI chip architecture,,https://www.amd.com,https://linkedin.com/company/amd,,,,,,2026-06-30T11:03:23.248541,,,,,,,,,,,,,,,AMD,SEC_EDGAR; Wikidata,OpenCorporates:401 Client Error: Unauthorized for url: https://api.opencorporates.com/v0.4/companies/search?q=AMD&per_page=5,Ahmedabad,0000906345,India,,,,https://ahmedabadcity.gov.in/,,,,,
Accenture,Enterprise / Tech Company,Tier 1 - Hot,100,100,100,No,1,HITEC City,Mindspace Madhapur,Building 1A,"Dublin, Ireland",IT Consulting & Services,"Global professional services company providing strategy, consulting, digital, technology, and operations services",https://www.accenture.com,+91 40 6692 0000,hdc.mailroom@accenture.com,https://linkedin.com/company/accenture,Yes,"775,000+",$64B+,4.0,CTO - Cloud & AI Transformation,CTO - Cloud & AI Transformation,Chief Technology Officer,"Scaling AI across global teams, legacy modernization, talent shortage","Drive digital transformation, reduce costs, accelerate innovation","AI copilots for 775K employees, generative AI for client delivery, automated code generation","'Accenture is investing $3B in AI. We can help you deploy AI copilots across your 100K+ workforce, reducing project delivery time by 40% and cutting costs by 25%.'","AI-powered automation, generative AI for client delivery",High - AI at core of strategy,Advanced - AI at core,"Azure, AWS, GCP, Salesforce, SAP","C-suite driven, 6-12 month cycles, ROI-focused",High - $100M+ AI budgets,"Executive briefings, POCs, case studies, industry events",Hot - Immediate AI need,2025-01-15,"Deloitte, TCS, Infosys",Launched AI Center of Excellence in Hyderabad,,https://www.accenture.com,https://linkedin.com/company/accenture,hdc.mailroom@accenture.com,+91 40 6692 0000,,,,2026-06-30T11:03:29.339745,"Accenture embraces the power of change to create 360° value and shared success for our clients, people, shareholders, partners and communities. Learn more.",https://www.facebook.com/AccentureIndia,,https://www.instagram.com/accentureindiacareers,https://www.youtube.com/channel/UCi7os4F3cWKPOWCOtmv562A,,https://www.accenture.com/in-en/about/contact-us,https://www.accenture.com/in-en/about/company-index,https://www.accenture.com/in-en/careers,https://newsroom.accenture.com,,,,,Accenture,SEC_EDGAR; Wikidata,OpenCorporates:401 Client Error: Unauthorized for url: https://api.opencorporates.com/v0.4/companies/search?q=Accenture&per_page=5,Accenture,0001467373,Ireland,,,,https://www.accenture.com/,information technology,,779000,Dublin,
AdvanSoft India,Enterprise / Tech Company,Tier 2 - Warm,65,65,78,No,1,HITEC City,Cyber Towers,Q4,"Hyderabad, India",Software,Software development and services,,+91 40 1234 5678,,,Yes,,,4.0,Director - AI Products,Director - AI Products,,,,,,"AI software development, product engineering",Medium - AI products,,,,,,,,"Infosys, TCS, Wipro",AI product development,"""AdvanSoft India"" HITEC City",,,,,https://namu.wiki/w/%EC%9C%A0%ED%8A%9C%EB%B8%8C; https://www.naver.com/; https://forum.vivaldi.net/topic/113545/whatsapp.com-web-use-another-browser-browser-unsupported-for-whatsapp-web; https://forum.vivaldi.net/topic/112404/whatsapp-web-logging-out-constantly; https://answers.microsoft.com/zh-hans/windows/forum/windows_10-windows_install-winpc/如何恢复上/428e587e-2e87-4745-83be-2f62303c4a5d,"DDGSearchProvider,SearXNGProvider",,2026-06-30T11:03:38.199160,,,,,,,,,,,,,,,AdvanSoft India,,OpenCorporates:401 Client Error: Unauthorized for url: https://api.opencorporates.com/v0.4/companies/search?q=AdvanSoft+India&per_page=5,,,,,,,,,,,,
AheadRace Software,Enterprise / Tech Company,Tier 2 - Warm,65,65,78,No,1,Gachibowli,Kapil Towers,Main,"Hyderabad, India",Software,Software development services,,+91 40 1234 5678,,,Yes,,,4.0,Director - AI Engineering,Director - AI Engineering,,,,,,"AI software development, product engineering",Medium - AI engineering,,,,,,,,"TCS, Infosys, Wipro",AI software delivery,"""AheadRace Software"" Gachibowli",,,,,https://alphasquare.co.kr/home/stock-summary?code=000660; https://kr.investing.com/equities/sk-hynix-inc; https://sk.moneyjoopjoop.com/; https://kr.investing.com/equities/sk-hynix-inc-chart; https://hlkr.co.kr/stocks/skhx,"DDGSearchProvider,SearXNGProvider",,2026-06-30T11:03:50.759009,,,,,,,,,,,,,,,AheadRace Software,,OpenCorporates:401 Client Error: Unauthorized for url: https://api.opencorporates.com/v0.4/companies/search?q=AheadRace+Software&per_page=5,,,,,,,,,,,,
Amazon,Enterprise / Tech Company,Tier 1 - Hot,100,100,89,No,1,HITEC City,Mindspace Madhapur,Building 4,"Seattle, USA",E-commerce / Cloud,World's largest e-commerce and cloud computing company (AWS),https://www.amazon.com,+91 40 1234 5678,,https://linkedin.com/company/amazon,Yes,1.5M+,$500B+,4.1,Principal Engineer - AI/ML,Principal Engineer - AI/ML,Principal Engineer - AI/ML,"Scaling AI infrastructure, real-time recommendation latency, personalization at scale","Increase conversion by 20%, reduce AWS AI costs by 30%, enable new AI services","AI-powered recommendation engines, real-time personalization, AWS AI service optimization","'Amazon processes 1M+ transactions per second. Our AI can reduce recommendation latency by 50% and increase conversion rates by 15%, adding $5B+ in revenue.'","Alexa AI, recommendation engines, AWS AI services",Very High - AI everywhere,Very Advanced - AI everywhere,"AWS, TensorFlow, MXNet, custom chips","Engineering + Product, data-driven, A/B testing culture",Very High - $10B+ AI budget,"Technical papers, benchmark data, internal demos",Warm - Internal AI teams,2025-01-15,"Microsoft, Google, Flipkart",Expanding Hyderabad development center,,https://www.amazon.com,https://linkedin.com/company/amazon,,,,,,2026-06-30T11:04:02.928721,"Free shipping on millions of items. Get the best of Shopping and Entertainment with Prime. Enjoy low prices and great deals on the largest selection of everyday essentials and other products, including fashion, home, beauty, electronics, Alexa Devices, sporting goods, toys, automotive, pets, baby, books, video games, musical instruments, office supplies, and more.",,,,,,,https://blog.aboutamazon.com/?utm_source=gateway&utm_medium=footer,https://www.amazon.jobs,https://blog.aboutamazon.com/?utm_source=gateway&utm_medium=footer,,,,,Amazon,SEC_EDGAR; Wikidata,OpenCorporates:401 Client Error: Unauthorized for url: https://api.opencorporates.com/v0.4/companies/search?q=Amazon&per_page=5,Amazon,0001018724,Brazil,,,,https://www.sec.gov/cgi-bin/browse-edgar?action=getcompany&CIK=0001018724,,,,,
Aspire Systems,Enterprise / Tech Company,Tier 2 - Warm,75,65,89,No,1,Gachibowli,Divyasree Orion,Block B5,"Chennai, India",IT Services,Technology outsourcing and product engineering,https://www.aspiresys.com,+91 40 1234 5678,,https://linkedin.com/company/aspire-systems,Yes,,,4.0,CTO - AI Engineering,CTO - AI Engineering,,,,,,"AI engineering, product development, cloud AI",Medium - AI engineering,,,,,,,,"TCS, Infosys, Wipro",AI product engineering,,https://www.aspiresys.com,https://linkedin.com/company/aspire-systems,,,,,,2026-06-30T11:04:09.135268,"Aspire Systems provides comprehensive IT services, IT consulting expertise, and technology solutions to help businesses achieve their digital transformation goals.",https://www.facebook.com/AspireSystems,https://twitter.com/aspiresystems,https://www.instagram.com/aspire_systems,https://www.youtube.com/c/Aspiresys,,https://www.aspiresys.com/contact-us?en,https://www.aspiresys.com/en/about-us,https://www.aspiresys.com/pl-careers,https://www.aspiresys.com/newsroom,Drupal,,,,Aspire Systems,Wikidata,OpenCorporates:401 Client Error: Unauthorized for url: https://api.opencorporates.com/v0.4/companies/search?q=Aspire+Systems&per_page=5,Aspire Systems,,,,,,http://www.aspiresys.com/,,,,Chennai,
BA Continuum,Enterprise / Tech Company,Tier 2 - Warm,75,65,89,No,1,HITEC City,Mindspace Madhapur,Building 9,"Charlotte, USA",BFSI / IT Services,Bank of America subsidiary providing IT and business process outsourcing services,https://www.bankofamerica.com,+91 40 1234 5678,,https://linkedin.com/company/bank-of-america,Yes,,,4.0,SVP Technology - Digital Banking,SVP Technology - Digital Banking,,,,,,"AI fraud detection, customer analytics, robo-advisory",High - BFSI AI adoption,,,,,,,,"JPMorgan, Wells Fargo, HSBC",Implementing AI for loan processing,,https://www.bankofamerica.com,https://linkedin.com/company/bank-of-america,,,,,,2026-06-30T11:04:21.530273,"What would you like the power to do? At Bank of America, our purpose is to help make financial lives better through the power of every connection.",,,,,,https://www.bankofamerica.com/customer-service/contact-us,https://www.bankofamerica.com/online-banking/iphone-banking-app.go,,,Angular; Salesforce,,,Email Address *,BA Continuum,,OpenCorporates:401 Client Error: Unauthorized for url: https://api.opencorporates.com/v0.4/companies/search?q=BA+Continuum&per_page=5,,,,,,,,,,,,
BA Continuum India,Enterprise / Tech Company,Tier 2 - Warm,75,65,89,No,1,HITEC City,Mindspace Madhapur,Building 5,"Hyderabad, India",BFSI / IT,IT and operations subsidiary of Bank of America,https://www.bankofamerica.com,+91 40 1234 5678,,https://linkedin.com/company/bank-of-america,Yes,,,4.0,SVP - AI Operations,SVP - AI Operations,,,,,,"Process automation, AI compliance, predictive analytics",High - AI in operations,,,,,,,,"Wells Fargo, JPMorgan",Expanding AI team in Hyderabad,,https://www.bankofamerica.com,https://linkedin.com/company/bank-of-america,,,,,,2026-06-30T11:04:28.481527,"What would you like the power to do? At Bank of America, our purpose is to help make financial lives better through the power of every connection.",,,,,,https://www.bankofamerica.com/customer-service/contact-us,https://www.bankofamerica.com/online-banking/iphone-banking-app.go,,,Angular; Salesforce,,,Email Address *,BA Continuum India,,OpenCorporates:401 Client Error: Unauthorized for url: https://api.opencorporates.com/v0.4/companies/search?q=BA+Continuum+India&per_page=5,,,,,,,,,,,,
Berkadia,Enterprise / Tech Company,Tier 2 - Warm,75,65,89,No,1,Gachibowli,DLF Cyber City,Block 2,"Ambler, USA",Real Estate / Financial,Joint venture of Berkshire Hathaway and Jefferies Financial Group,https://www.berkadia.com,+91 40 1234 5678,,https://linkedin.com/company/berkadia,Yes,,,4.0,VP - PropTech AI,VP - PropTech AI,,,,,,"AI real estate analytics, investment modeling",Medium - AI in real estate,,,,,,,,"CBRE, JLL, Cushman",Real estate AI analytics,,https://www.berkadia.com,https://linkedin.com/company/berkadia,,,,,,2026-06-30T11:04:35.597885,Your top choice for premier commercial real estate services and mortgage solutions. We deliver expertly tailored solutions for exceptional results.,https://www.facebook.com/berkadia,https://x.com/Berkadia,https://www.instagram.com/berkadia,,,https://www.berkadia.com/contact,https://www.berkadia.com/aboutus/newsroom,https://www.berkadia.com/careers,https://www.berkadia.com/aboutus/newsroom,WordPress,,,,Berkadia,Wikidata,OpenCorporates:401 Client Error: Unauthorized for url: https://api.opencorporates.com/v0.4/companies/search?q=Berkadia&per_page=5,Berkadia,,United States,,,,https://berkadia.com/,commercial property,,,,
CGI,Enterprise / Tech Company,Tier 2 - Warm,75,65,89,No,1,Gachibowli,DLF Cyber City,Block 2,"Montreal, Canada",IT Consulting,Canadian IT consulting and outsourcing services,https://www.cgi.com,+91 40 1234 5678,,https://linkedin.com/company/cgi,Yes,"90,000+",$12B+,4.0,VP - AI Consulting,VP - AI Consulting,,,,,,"AI consulting, enterprise AI, automation",High - AI consulting,,,,,,,,"Accenture, Deloitte, Capgemini",AI consulting practice,,https://www.cgi.com,https://linkedin.com/company/cgi,,,,,,2026-06-30T11:04:43.956007,"Since 1976, CGI has grown into one of the largest IT and business consulting services firms in the world. Our 50-year milestone celebrates a history of serving clients and creating a global culture of ownership, always with a focus on looking to the future ahead.",https://www.facebook.com/cgigroup,https://twitter.com/cgi_global,,https://www.youtube.com/watch,https://github.com/newrelic,https://www.cgi.com/en/contact-us,https://www.cgi.com/en/about-us/insights,https://www.cgi.com#mm-11,https://www.cgi.com/en/blogs,Drupal,1976.0,,,CGI,SEC_EDGAR; Wikidata,OpenCorporates:401 Client Error: Unauthorized for url: https://api.opencorporates.com/v0.4/companies/search?q=CGI&per_page=5,Common Gateway Interface,0001061574,United States,,,,https://www.sec.gov/cgi-bin/browse-edgar?action=getcompany&CIK=0001061574,,,,,
Cambridge Technology,Enterprise / Tech Company,Tier 2 - Warm,75,65,89,No,1,HITEC City,Cyber Pearl,Block 1,"Cambridge, USA",IT Services,Technology services and solutions provider,https://www.cambridgeonline.com,+91 40 1234 5678,,https://linkedin.com/company/cambridge-technology,Yes,,,4.0,Director - Cloud AI,Director - Cloud AI,,,,,,"Cloud-native AI, data engineering, ML ops",Medium - AI services,,,,,,,,"Infosys, TCS, Wipro",Cloud and AI solutions,,https://www.cambridgeonline.com,https://linkedin.com/company/cambridge-technology,,,,,,2026-06-30T11:05:19.927574,,,,,,,,,,,,,,,Cambridge Technology,Wikidata,OpenCorporates:401 Client Error: Unauthorized for url: https://api.opencorporates.com/v0.4/companies/search?q=Cambridge+Technology&per_page=5,Cambridge Technology Partners,,Japan,,,,http://www.ctp.co.jp/,business and other management consultancy activities,,,Nyon,
CipherCloud,Enterprise / Tech Company,Tier 2 - Warm,75,65,89,No,1,HITEC City,Cyber Pearl,Block 2,"San Jose, USA",Cybersecurity,Cloud security and encryption solutions,https://www.ciphercloud.com,+91 40 1234 5678,,https://linkedin.com/company/ciphercloud,Yes,,,4.0,CTO - AI Security,CTO - AI Security,,,,,,"AI threat detection, cloud security analytics",Medium - AI security,,,,,,,,"Palo Alto, McAfee, Symantec",Cloud AI security R&D,,https://www.ciphercloud.com,https://linkedin.com/company/ciphercloud,,,,,,2026-06-30T11:05:21.064903,,,,,,,,,,,,,,,CipherCloud,Wikidata,OpenCorporates:401 Client Error: Unauthorized for url: https://api.opencorporates.com/v0.4/companies/search?q=CipherCloud&per_page=5,CipherCloud,,United States,,,,http://www.ciphercloud.com/,software industry,,,San Jose,
Cognizant,Enterprise / Tech Company,Tier 1 - Hot,100,100,89,Yes,2,Gachibowli | HITEC City,DLF Cyber City | Mindspace Madhapur,Block 1 | Building 12A,"Teaneck, USA",IT Consulting / Services,"Multinational technology company providing IT services, consulting, business process outsourcing",https://www.cognizant.com,+91 40 1234 5678,,https://linkedin.com/company/cognizant,Yes,"350,000+",$19B+,4.0,SVP - AI & Digital Engineering,SVP - AI & Digital Engineering,SVP - AI & Digital Engineering,"AI talent shortage, client AI readiness, margin pressure from AI automation","Lead AI services market, 50% revenue from AI by 2030, top AI talent","Neuro AI platform, generative AI for clients, AI automation at scale",'Cognizant serves 2000+ clients. Our Neuro AI can automate 40% of software development tasks and reduce time-to-market by 50%.',"Neuro AI platform, generative AI for clients, automation",Very High - AI-first strategy,Advanced - AI-first strategy,"Azure, AWS, GCP, Salesforce, SAP","Client-driven, solution sales, quarterly business reviews",High - $200M+ AI budget,"Client workshops, POCs, industry conferences, analyst briefings",Hot - AI services growth,2025-01-15,"TCS, Infosys, Wipro",Launched AI lab in Hyderabad,,https://www.cognizant.com,https://linkedin.com/company/cognizant,,,,,,2026-06-30T11:05:31.073082,Anticipate trends. Drive meaningful change. Outthink your competition. That’s the power of intuition—and we can engineer it. Learn more.,https://www.facebook.com/Cognizant,https://twitter.com/cognizant,https://www.instagram.com/cognizant,https://www.youtube.com/iframe_api,,https://www.cognizant.com/in/en/about-cognizant/contact-us,https://www.cognizant.com/in/en/about-cognizant/responsible-ai,https://www.cognizant.com/in/en/careers,https://news.cognizant.com,,,,,Cognizant,SEC_EDGAR; Wikidata,OpenCorporates:401 Client Error: Unauthorized for url: https://api.opencorporates.com/v0.4/companies/search?q=Cognizant&per_page=5,Cognizant Technology Solutions,0001058290,United States,,,,https://www.cognizant.com,information technology industry,,266200,Teaneck,
Cybage Software,Enterprise / Tech Company,Tier 2 - Warm,75,65,89,No,1,Gachibowli,DLF Cyber City,Block 2,"Pune, India",IT Services,Software engineering and technology consulting,https://www.cybage.com,+91 40 1234 5678,Finance_Brazil@cybage.com,https://linkedin.com/company/cybage,Yes,,,4.0,VP - AI Engineering,VP - AI Engineering,,,,,,"AI software development, data science",Medium - AI engineering,,,,,,,,"Infosys, TCS, Wipro",AI engineering services,,https://www.cybage.com,https://linkedin.com/company/cybage,Finance_Brazil@cybage.com; Finance_Poland@cybage.com; Whistleblower@cybage.com; business@cybage.com,+91 8530109729; 6966554126,,,,2026-06-30T11:05:38.311128,"Cybage, with over 7500 employees, is a leader in outsourced product engineering and technology consulting. The firm excels in leveraging advanced technologies like AI, ML, and cloud services to help 280+ clients reach their digital transformation goals.",https://www.facebook.com/cybage,https://twitter.com/cybagesoftware,https://www.instagram.com/cybage,https://www.youtube.com/user/cybagesoftware,,https://www.cybage.com/contact-us,https://www.cybage.com/about-us,https://www.cybage.com/careers,https://www.cybage.com/about-us/newsroom,Drupal,1995.0,,,Cybage Software,,OpenCorporates:401 Client Error: Unauthorized for url: https://api.opencorporates.com/v0.4/companies/search?q=Cybage+Software&per_page=5,,,,,,,,,,,,
DIGITALOPS,AI Marketing Agency,Tier 1 - Hot,100,100,100,No,1,"Madhapur, HITEC City",,,"Madhapur, HITEC City",Digital Marketing / AI Agency,"SEO, Google Ads, Social Media, Content Marketing, Performance Marketing",https://www.digitalops.in,+91 9966 001212,hello@digitalops.in,https://linkedin.com/company/digitalops,Yes,25-50,,4.5,Founder / CEO / Growth Head,,CEO / Founder,"Scaling AI services, client AI education, talent acquisition","Become top AI marketing agency in Hyderabad, 100+ AI clients by 2027","AI-powered SEO, predictive lead scoring, automated ad management",'DIGITALOPS generated 80K+ leads with AI. We can help you achieve 3x ROI on marketing spend using our AI campaign optimization.',"AI SEO optimization, predictive lead scoring, automated ad management","AI-driven campaign optimization, predictive analytics, automated bidding",Intermediate - AI in marketing,"Google Ads, Meta, HubSpot, SEMrush, Ahrefs","Founder-led, agile, monthly reviews, performance-based",Medium - ₹1-5M AI budgets,"Performance demos, case studies, free AI audits",Hot - AI marketing demand,2025-01-15,,AI-powered ROI tracking with real-time dashboards,,https://www.digitalops.in,https://linkedin.com/company/digitalops,hello@digitalops.in,+91 9966 001212,,,,2026-06-30T11:05:44.819444,"DIGITALOPS - Best Digital Marketing Agency in Hyderabad offering expert SEO, PPC & Google Ads services. Grow your traffic and leads with proven strategies.",https://www.facebook.com/digitalopsagency,https://x.com/digitalops_in,https://www.instagram.com/digitalopsagency,https://www.youtube.com/channel/UCr1fdCto9dVVeWpCcd-okxQ,,https://digitalops.in/contact-us,https://digitalops.in/about-digitalops-agency,,https://digitalops.in/blog,WordPress,,,,DIGITALOPS,,OpenCorporates:401 Client Error: Unauthorized for url: https://api.opencorporates.com/v0.4/companies/search?q=DIGITALOPS&per_page=5,,,,,,,,,,,,
DXC Technology,Enterprise / Tech Company,Tier 2 - Warm,75,65,89,No,1,Gachibowli,DLF Cyber City,Block 2,"Tysons, USA",IT Services,Global IT services and consulting,https://www.dxc.com,+91 40 1234 5678,,https://linkedin.com/company/dxc-technology,Yes,"130,000+",$17B+,4.0,CTO - AI & Cloud,CTO - AI & Cloud,,,,,,"AI cloud solutions, enterprise AI, automation",High - AI in enterprise,,,,,,,,"IBM, Accenture, Cognizant",Enterprise AI delivery,,https://www.dxc.com,https://linkedin.com/company/dxc-technology,,,,,,2026-06-30T11:05:54.525613,"DXC is a leading enterprise technology and innovation partner delivering software, services, and solutions for global enterprises and public sector organizations.",,,https://www.instagram.com/dxctechnology,https://www.youtube.com/@DXCTechnology,,https://www.dxc.com/contact-us,https://www.dxc.com/about-us,https://careers.dxc.com,https://www.dxc.com/newsroom/04282026-dxc-introduces-dxc-oasis-to-reimagine-managed-services-for-the-ai-era,,,"115,000+",,DXC Technology,SEC_EDGAR; Wikidata,OpenCorporates:401 Client Error: Unauthorized for url: https://api.opencorporates.com/v0.4/companies/search?q=DXC+Technology&per_page=5,IndyCar Series at Texas Motor Speedway,0001688568,United States,,,,https://www.sec.gov/cgi-bin/browse-edgar?action=getcompany&CIK=0001688568,,,,,
Data Glove IT Solutions,Enterprise / Tech Company,Tier 2 - Warm,65,65,78,No,1,Gachibowli,Kapil Towers,Main,"Hyderabad, India",IT Services,IT solutions and services provider,,+91 40 1234 5678,,,Yes,,,4.0,CEO - AI Solutions,CEO - AI Solutions,,,,,,"AI data solutions, analytics, automation",Medium - AI data,,,,,,,,"TCS, Infosys, Wipro",Data AI services,"""Data Glove IT Solutions"" Gachibowli",,,,,https://data.gov/; https://www.kaggle.com/datasets; https://www.ibm.com/think/topics/data; https://www.geeksforgeeks.org/data-analysis/what-is-data/; https://www.merriam-webster.com/dictionary/data,"DDGSearchProvider,SearXNGProvider",,2026-06-30T11:06:07.448113,,,,,,,,,,,,,,,Data Glove IT Solutions,,OpenCorporates:401 Client Error: Unauthorized for url: https://api.opencorporates.com/v0.4/companies/search?q=Data+Glove+IT+Solutions&per_page=5,,,,,,,,,,,,
Dell International,Enterprise / Tech Company,Tier 2 - Warm,75,65,89,No,1,HITEC City,Cyber Gateway,Block B,"Round Rock, USA",Hardware / IT,"Subsidiary of Dell Technologies, IT services and support",https://www.dell.com,+91 40 1234 5678,,https://linkedin.com/company/dell-technologies,Yes,"165,000+",$100B+,4.1,VP - AI Infrastructure,VP - AI Infrastructure,,,,,,"AI hardware, edge computing, data center AI",High - AI infrastructure,,,,,,,,"HP, Lenovo, Cisco",AI server and infrastructure R&D,,https://www.dell.com,https://linkedin.com/company/dell-technologies,,,,,,2026-06-30T11:06:11.066074,Reference #18.87361ab8.1782797768.f4dc95a,,,,,,,,,,,,,,Dell International,Wikidata,OpenCorporates:401 Client Error: Unauthorized for url: https://api.opencorporates.com/v0.4/companies/search?q=Dell+International&per_page=5,Dell International Services,,,,,,,,,,,
Factset Systems,Enterprise / Tech Company,Tier 2 - Warm,75,65,89,No,1,Gachibowli,Divyasree Orion,Block B5,"Norwalk, USA",Financial Data,Financial data and analytics software,https://www.factset.com,+91 40 1234 5678,,https://linkedin.com/company/factset,Yes,"12,000+",$2B+,4.1,VP - AI Analytics,VP - AI Analytics,,,,,,"AI financial analytics, NLP, predictive modeling",High - AI in finance,,,,,,,,"Bloomberg, Refinitiv, S&P",Financial AI analytics R&D,,https://www.factset.com,https://linkedin.com/company/factset,,,,,,2026-06-30T11:06:21.274630,"Access premium financial data, advanced analytics, and AI-powered insights on one integrated platform. Power smarter financial decisions with FactSet!",https://www.facebook.com/FactSet,https://twitter.com/FactSet,https://www.instagram.com/lifeatfactset,https://www.youtube.com/@FactSetSolutions,,https://www.factset.com/contact-us,,https://www.factset.com/careers,,,,,,Factset Systems,,OpenCorporates:401 Client Error: Unauthorized for url: https://api.opencorporates.com/v0.4/companies/search?q=Factset+Systems&per_page=5,,,,,,,,,,,,
Finisar India,Enterprise / Tech Company,Tier 2 - Warm,75,65,89,No,1,HITEC City,Cyber Pearl,Block 2,"Sunnyvale, USA",Optical Communications,Provider of optical communication components and subsystems,https://www.finisar.com,+91 40 1234 5678,,https://linkedin.com/company/finisar,Yes,,,4.0,VP - Optical AI,VP - Optical AI,,,,,,"AI in optical networking, signal processing",Low - AI emerging,,,,,,,,"Lumentum, Cisco, Juniper",Optical AI research,,https://www.finisar.com,https://linkedin.com/company/finisar,,,,,,2026-06-30T11:06:29.867354,"Learn how Coherent empowers innovations and breakthrough technologies for the industrial, communications, electronics, and instrumentation markets.",https://www.facebook.com/CoherentCorp,https://x.com/coherentcorp,https://www.instagram.com/coherent_corp,https://www.youtube.com/@CoherentCorp,,https://www.finisar.com/contact,https://www.finisar.com/company/about-us,https://www.finisar.com/peopleandculture,https://www.finisar.com/news,,,,,Finisar India,,OpenCorporates:401 Client Error: Unauthorized for url: https://api.opencorporates.com/v0.4/companies/search?q=Finisar+India&per_page=5,,,,,,,,,,,,
GE Digital,Enterprise / Tech Company,Tier 2 - Warm,75,65,89,No,1,HITEC City,Cyber Pearl,Block 1,"San Ramon, USA",Industrial Software,"Software arm of General Electric, industrial IoT and analytics",https://www.ge.com/digital,+91 40 1234 5678,,https://linkedin.com/company/ge-digital,Yes,,,4.1,VP - Predix AI,VP - Predix AI,,,,,,"Industrial AI, digital twins, predictive maintenance",High - Industrial AI,,,,,,,,"Siemens, Hitachi, PTC",Predix platform AI development,,https://www.ge.com/digital,https://linkedin.com/company/ge-digital,,,,,,2026-06-30T11:06:36.157532,We’re sorry that the document you requested cannot be found. GE.com has been updated to serve our three go-forward companies. Review the FAQs to learn more.,,,,https://www.youtube.com/iframe_api,https://github.com/aFarkas,https://www.ge.com/contact,https://www.ge.com/about-us,https://jobs.gecareers.com/aviation/global/en/accessibility,https://accessibe.com/blog/knowledgebase/screen-reader-guide,Drupal,,,,GE Digital,Wikidata,OpenCorporates:401 Client Error: Unauthorized for url: https://api.opencorporates.com/v0.4/companies/search?q=GE+Digital&per_page=5,GE Digital,,,,,,https://www.ge.com/digital/,software industry,,,,
GSS Infotech,Enterprise / Tech Company,Tier 2 - Warm,75,65,89,No,1,HITEC City,Cyber Pearl,Block 2,"Hyderabad, India",IT Services,IT services and solutions provider,https://www.gssinfotech.com,+91 40 1234 5678,,https://linkedin.com/company/gss-infotech,Yes,,,4.0,CEO - AI Services,CEO - AI Services,,,,,,"AI IT services, automation, analytics",Medium - AI services,,,,,,,,"TCS, Infosys, Wipro",AI service offerings,,https://www.gssinfotech.com,https://linkedin.com/company/gss-infotech,,,,,,2026-06-30T11:06:48.191113,"GSS Infotech provides industry leading Applied Intelligence, digital transformation, consulting, managed& professional services, cloud& security & LPO services.",https://www.facebook.com/profile.php,https://twitter.com/GSS_Infotech_,https://www.instagram.com/gss_infotech_limited,https://www.youtube.com/channel/UCR5x2cN4DMvizToGdhnLu4g,,https://gssinfotech.com/contact-us,https://gssinfotech.com/about-us,https://gssinfotech.com/careers,https://gssinfotech.com/blog,WordPress,,,,GSS Infotech,Wikidata,OpenCorporates:401 Client Error: Unauthorized for url: https://api.opencorporates.com/v0.4/companies/search?q=GSS+Infotech&per_page=5,GSS Infotech,,,,,,https://www.gssinfotech.com/,information technology,,,Hyderabad,
Garmin Technologies,Enterprise / Tech Company,Tier 2 - Warm,75,65,89,No,1,HITEC City,Laxmi Cyber City,Main,"Olathe, USA",Consumer Electronics,GPS navigation and wearable technology company,https://www.garmin.com,+91 40 1234 5678,,https://linkedin.com/company/garmin,Yes,"19,000+",$5B+,4.3,VP - AI & Wearables,VP - AI & Wearables,,,,,,"AI fitness tracking, navigation AI, health analytics",Medium - AI in wearables,,,,,,,,"Fitbit, Apple Watch, Samsung",Health AI and wearable analytics,,https://www.garmin.com,https://linkedin.com/company/garmin,,,,,,2026-06-30T11:07:07.032824,"This summer, stay ready for every mile, movement, and moment with Garmin India.",https://www.facebook.com/GarminIN,,https://www.instagram.com/garminindia,https://www.youtube.com/@Garmin_IN,,https://www.garmin-india.com/contact,https://amitintl.com/about-us,https://www.garmin.com/en-GB/careers,https://www.garmin.com/blog,Next.js; WordPress,,,,Garmin Technologies,,OpenCorporates:401 Client Error: Unauthorized for url: https://api.opencorporates.com/v0.4/companies/search?q=Garmin+Technologies&per_page=5,,,,,,,,,,,,
GeeksChip,AI Marketing Agency,Tier 2 - Warm,75,65,89,No,1,"Madhapur, Hyderabad",,,"Madhapur, Hyderabad",Digital Marketing / AI Agency,"Website Design, SEO, SEM, PPC, SMM, ORM",https://geekschip.com,+91-8121534091,info@geekschip.com,https://linkedin.com/company/geekschip,Yes,20-40,,4.3,Founder / CEO / Growth Head,,,,,,,"AI healthcare marketing, ORM AI","AI healthcare SEO, reputation management AI, social listening",,,,,,,,,Healthcare sector AI marketing specialist,,https://geekschip.com,https://linkedin.com/company/geekschip,info@geekschip.com,+91-8121534091; +91-9100068885,,,,2026-06-30T11:07:19.002517,"Geekschip is a results-driven digital marketing agency delivering SEO, AEO, PPC, social media, and ORM for brands across India and globally. 10+ years, measurable growth",https://www.facebook.com/geekschip,https://twitter.com/geekschip,https://www.instagram.com/geekschip,https://www.youtube.com/channel/UC94gedfa4Mg2tZLkLcKMhvw,,https://geekschip.com/contact-us,,,,Next.js,2015.0,,,GeeksChip,,OpenCorporates:401 Client Error: Unauthorized for url: https://api.opencorporates.com/v0.4/companies/search?q=GeeksChip&per_page=5,,,,,,,,,,,,
GenY Medium,AI Marketing Agency,Tier 1 - Hot,100,100,89,No,1,"Madhapur, Hyderabad",,,"Madhapur, Hyderabad",Digital Marketing / AI Agency,"PPC, SEM, SEO, Digital Presence, Marketing Automation, Social Media, Mobile Marketing",https://www.genymedium.com,+91-8019888314,support@genymedium.com,https://linkedin.com/company/genymedium,Yes,50+,,4.4,Founder / CEO / Growth Head,,CEO / Founder,"Google algorithm AI changes, AI ad competition, platform dependency","Become Google Premier AI Partner, 100+ enterprise AI clients","AI marketing automation, mobile AI, social media AI",'GenY Medium works with Lenovo and TATA. Our AI marketing automation can increase campaign efficiency by 50% and reduce manual work by 70%.',"AI marketing automation, social media AI","AI marketing automation, mobile marketing AI, social media AI",Intermediate - AI automation,"Google Marketing Platform, Meta, HubSpot","Google Partner program, enterprise sales, C-suite engagement",Medium - ₹2-8M budgets,"Google partner events, enterprise pitches, case studies",Warm - AI automation,2025-01-15,,Google Certified Partner with AI automation,,https://www.genymedium.com,https://linkedin.com/company/genymedium,support@genymedium.com,+91-8019888314,,,,2026-06-30T11:07:32.428840,"GenY Medium is the best digital marketing agency in Hyderabad, India. Elevate your brand with top-notch strategies in SEO, PPC, social media, and more. Contact us today!",https://www.facebook.com/genymedium,,,,,https://genymedium.com/contact-us,https://genymedium.com/our-team,https://genymedium.com/opportunities,https://genymedium.com/blog,WordPress,,,,GenY Medium,,OpenCorporates:401 Client Error: Unauthorized for url: https://api.opencorporates.com/v0.4/companies/search?q=GenY+Medium&per_page=5,,,,,,,,,,,,
Genpact,Enterprise / Tech Company,Tier 1 - Hot,100,100,89,Yes,2,Gachibowli | HITEC City,DLF Cyber City | Mindspace Madhapur,Block 2 | Building 10,"New York, USA",BPO / Digital Transformation,Professional services firm providing digital transformation and outsourcing,https://www.genpact.com,+91 40 1234 5678,,https://linkedin.com/company/genpact,Yes,"125,000+",$4B+,4.0,SVP - AI & Digital,SVP - AI & Digital,SVP - AI & Digital Transformation,"AI replacing BPO workers, client automation demands, margin compression","Transform from BPO to AI-first digital, 50% AI-automated by 2027","AI@Genpact platform, process mining AI, generative AI for operations",'Genpact processes 1B+ transactions annually. Our AI can automate 50% of manual processes and improve accuracy to 99.5%.',"AI process automation, predictive analytics, NLP",Very High - AI-first BPO,Intermediate - AI in operations,"Salesforce, SAP, Oracle, custom AI platforms","Operations + Technology, efficiency-driven, 12-18 month ROI",Medium - $50M+ AI budget,"Efficiency workshops, ROI calculators, process mining demos",Warm - AI in operations,2025-01-15,"Infosys BPM, WNS, EXL",AI@Genpact platform development,,https://www.genpact.com,https://linkedin.com/company/genpact,,,,,,2026-06-30T11:07:38.441474,We are an agentic and advanced technology solutions company. See how Genpact leverages process intelligence and AI to deliver measurable outcomes.,https://www.facebook.com/ProudToBeGenpact,https://x.com/genpact,,https://www.youtube.com/genpactltd,,https://www.genpact.com/contact-us,https://www.genpact.com/about-us,https://www.genpact.com/careers/who-we-are,https://www.genpact.com/newsroom,,,,,Genpact,SEC_EDGAR; Wikidata,OpenCorporates:401 Client Error: Unauthorized for url: https://api.opencorporates.com/v0.4/companies/search?q=Genpact&per_page=5,Genpact,0001398659,United States,,,,http://www.genpact.com/,professional service,,,New York City,
GlobalLogic,Enterprise / Tech Company,Tier 2 - Warm,75,65,89,No,1,Gachibowli,DLF Cyber City,Block 1,"San Jose, USA",Engineering / R&D,Digital product engineering services,https://www.globallogic.com,+91 40 1234 5678,,https://linkedin.com/company/globallogic,Yes,"25,000+",,4.1,CTO - AI Engineering,CTO - AI Engineering,,,,,,"AI product engineering, embedded AI, IoT AI",High - AI in engineering,,,,,,,,"Luxoft, EPAM, Cognizant",AI engineering center in Hyderabad,,https://www.globallogic.com,https://linkedin.com/company/globallogic,,,,,,2026-06-30T11:07:48.414379,"Engineering Impact - GlobalLogic is listed among the top digital product engineering companies. We engineer intelligent products, platforms, and services.",https://www.facebook.com/GlobalLogic,https://x.com/globallogic,https://www.instagram.com/globallogic,,,https://www.globallogic.com/contact,https://www.globallogic.com/about,https://www.globallogic.com/careers,https://www.globallogic.com/insights/blogs,WordPress,,,,GlobalLogic,Wikidata,OpenCorporates:401 Client Error: Unauthorized for url: https://api.opencorporates.com/v0.4/companies/search?q=GlobalLogic&per_page=5,GlobalLogic,,United States,,,,https://www.globallogic.com/,IT outsourcing industry,,,San Jose,
Gravity Cybertech,Enterprise / Tech Company,Tier 2 - Warm,75,65,89,No,1,HITEC City,Mindspace Madhapur,Maximus 2B,"Hyderabad, India",Cybersecurity,Cybersecurity solutions and services provider,https://www.gravitycybertech.com,+91 40 1234 5678,admin@gravitycybertech.com,https://linkedin.com/company/gravity-cybertech,Yes,,,4.0,CEO - Security AI,CEO - Security AI,,,,,,"AI threat detection, SOAR automation",Medium - AI security growth,,,,,,,,"Palo Alto Networks, CrowdStrike",Expanding AI security portfolio,,https://www.gravitycybertech.com,https://linkedin.com/company/gravity-cybertech,admin@gravitycybertech.com; hr@gravitycybertech.com,,,,,2026-06-30T11:07:55.684128,"10th Floor, IndiQube Orbit Building #16
Behind Inorbit Mall, K Raheja IT Park, Mindspace
Madhapur, Hitech-City, Madhapur
Hyderabad - 500 081",,,,,,,https://www.gravitycybertech.com#aboutus,https://www.gravitycybertech.com#careers,,Vue,,,,Gravity Cybertech,,OpenCorporates:401 Client Error: Unauthorized for url: https://api.opencorporates.com/v0.4/companies/search?q=Gravity+Cybertech&per_page=5,,,,,,,,,,,,
HSBC,Enterprise / Tech Company,Tier 2 - Warm,75,65,89,Yes,2,HITEC City,Laxmi Cyber City | Mindspace Madhapur,Building 9 | Main,"London, UK",Banking / Financial Services,One of the world's largest banking and financial services organizations,https://www.hsbc.com,+91 40 1234 5678,,https://linkedin.com/company/hsbc,Yes,"220,000+",$50B+,4.0,CIO - Global Banking,CIO - Global Banking,,,,,,"AI risk management, compliance automation, chatbots",High - Regulated AI needs,,,,,,,,"Citi, Barclays, Standard Chartered",AI-powered anti-money laundering,,https://www.hsbc.com,https://linkedin.com/company/hsbc,,8453803112; 8544279112; 8837267112,,,,2026-06-30T11:08:01.586153,"HSBC, one of the largest banking and financial services institutions in the world, serves millions of customers through its four global businesses.",https://www.facebook.com/HSBC,,https://www.instagram.com/hsbc,https://www.youtube.com/HSBC,,https://www.hsbc.com/investors/investor-contacts,https://www.hsbc.com/investors,https://www.hsbc.com#goToNextNav,https://www.hsbc.com/investors/investing-in-hsbc/hsbc-shareholder-newsletter,,1865.0,,,HSBC,SEC_EDGAR; Wikidata,OpenCorporates:401 Client Error: Unauthorized for url: https://api.opencorporates.com/v0.4/companies/search?q=HSBC&per_page=5,HSBC,0001089113,United Kingdom,,,,https://hsbc.com/,insurance,,219697,8 Canada Square,
Heron Health,Enterprise / Tech Company,Tier 2 - Warm,65,65,78,No,1,HITEC City,Mindspace Madhapur,Building 12C,"Hyderabad, India",Healthcare IT,Healthcare technology and services company,https://www.blueheronhealthnews.org,+91 40 1234 5678,,,Yes,,,4.0,CEO - Health AI,CEO - Health AI,,,,,,"AI diagnostics, patient analytics, health automation",Medium - Health AI,,,,,,,,"Cerner, Epic, Athenahealth",Healthcare AI solutions,"""Heron Health""",https://www.blueheronhealthnews.org,,,,https://www.blueheronhealthnews.org; https://s2.tricologi.net/webuser/?option=etc&action=vessel_opening; https://tricologi.net/; https://s2.tricologi.net/webuser/?option=etc&action=boatnote_check; https://s2.tricologi.net/webuser/?option=etc&action=cust_reg_form,"DDGSearchProvider,SearXNGProvider",,2026-06-30T11:08:24.666338,ClickBank is the trusted retailer for blueheronhealthnews.org.,,,,https://www.youtube.com/embed,,https://blueheronhealthnews.org/contact-us,https://blueheronhealthnews.org/category/about-blue-heron-health-news,,https://blueheronhealthnews.org,WordPress,,,,Heron Health,,OpenCorporates:401 Client Error: Unauthorized for url: https://api.opencorporates.com/v0.4/companies/search?q=Heron+Health&per_page=5,,,,,,,,,,,,
Hinduja Global Solutions,Enterprise / Tech Company,Tier 2 - Warm,75,65,89,No,1,Gachibowli,DLF Cyber City,Block 2,"Bangalore, India",BPO / Services,Business process management and customer services,https://www.hgs.cx,+91 40 1234 5678,,https://linkedin.com/company/hgs,Yes,,,4.0,VP - AI CX,VP - AI CX,,,,,,"AI customer service, voice analytics, chatbots",Medium - AI in BPO,,,,,,,,"Genpact, WNS, Firstsource",AI-powered customer experience,,https://www.hgs.cx,https://linkedin.com/company/hgs,,08046431000; 08046431222,,,,2026-06-30T11:08:32.260110,"Combining AI, technology, and human expertise to deliver Intelligent Experience and measurable business outcomes",,,,https://www.youtube.com/user/TeamHGS,,https://hgs.com/contact-us,https://hgs.com/about-us,https://www.joinhgs.com,https://hgs.com/insights/blog,WordPress,,,,Hinduja Global Solutions,Wikidata,OpenCorporates:401 Client Error: Unauthorized for url: https://api.opencorporates.com/v0.4/companies/search?q=Hinduja+Global+Solutions&per_page=5,Hinduja Global Solutions Limited,,,,,,http://www.teamhgs.com/,,,,,
IBM India,Enterprise / Tech Company,Tier 2 - Warm,75,65,89,No,1,Gachibowli,Divyasree Orion,Block B5,"Armonk, USA",IT Services / Cloud,"Indian subsidiary of IBM, cloud and AI services",https://www.ibm.com/in,+91 40 1234 5678,,https://linkedin.com/company/ibm,Yes,"350,000+",$60B+,4.1,CTO - AI & Watson,CTO - AI & Watson,,,,,,"Watson AI, cloud AI, quantum computing",Very High - AI pioneer,,,,,,,,"Microsoft, Google, AWS",Watson AI development in Hyderabad,,https://www.ibm.com/in,https://linkedin.com/company/ibm,,,,,,2026-06-30T11:08:41.621378,"For more than a century, IBM has been a global technology innovator, leading advances in AI, automation and hybrid cloud solutions that help businesses grow.",,https://x.com/IBM,https://www.instagram.com/ibm,https://www.youtube.com/ibm,,https://www.ibm.com/contact/global,https://www.ibm.com/products/cloud/support?lnk=flathl,https://www.ibm.com/careers/us-en?lnk=flathl,"https://newsroom.ibm.com/2026-06-26-ibm,-red-hat,-and-deloitte-announce-project-lightwell-collaboration-to-help-strengthen-open-source-software-supply-chain-trust",,,,,IBM India,Wikidata,OpenCorporates:401 Client Error: Unauthorized for url: https://api.opencorporates.com/v0.4/companies/search?q=IBM+India&per_page=5,IBM India Private Limited,,India,,,,http://www.ibm.com/in/,computer hardware industry,,,Bengaluru,
Infinite Computer Solutions,Enterprise / Tech Company,Tier 2 - Warm,75,65,89,No,1,HITEC City,Cyber Towers,Q3,"Rockville, USA",IT Services,IT services and outsourcing company,https://www.infinite.com,+91 40 1234 5678,,https://linkedin.com/company/infinite-computer-solutions,Yes,,,4.0,VP - AI Delivery,VP - AI Delivery,,,,,,"AI implementation, automation, analytics",Medium - AI services,,,,,,,,"TCS, Infosys, Wipro",AI project delivery,,https://www.infinite.com,https://linkedin.com/company/infinite-computer-solutions,,,,,,2026-06-30T11:08:51.430012,"Infinite Computer Solutions is a global leader in digital engineering and IT services with over 20 years of delivering AI‑enabled transformation, quality engineering, cybersecurity, and industry‑specific solutions for healthcare, finance, government, insurance and more.",https://www.facebook.com/infinitecomputersolutions,https://x.com/InfiniteOFCL,https://www.instagram.com/infinite_computer_solutions,https://www.youtube.com/@InfiniteComputerSolutions,,https://www.infinite.com/contact,https://www.infinite.com,https://www.infinite.com/careers,https://www.infinite.com/news-and-events,Angular; HubSpot; WordPress,,,,Infinite Computer Solutions,Wikidata,OpenCorporates:401 Client Error: Unauthorized for url: https://api.opencorporates.com/v0.4/companies/search?q=Infinite+Computer+Solutions&per_page=5,Infinite Computer Solutions,,,,,,http://www.infinite.com,,,,Bengaluru,
Inovies,AI Marketing Agency,Tier 2 - Warm,75,65,89,No,1,"Madhapur, Hyderabad",,,"Madhapur, Hyderabad",Digital Marketing / AI Agency,"Influencer Marketing, Growth Hacking, Web Analytics, Mobile Marketing, Video Marketing, ORM",https://www.inovies.com,,info@inovies.com,https://linkedin.com/company/inovies,Yes,20-40,,4.2,Founder / CEO / Growth Head,,,,,,,"AI influencer marketing, growth hacking AI","AI influencer matching, growth hacking AI, video AI",,,,,,,,,10+ years experience with AI analytics,,https://www.inovies.com,https://linkedin.com/company/inovies,info@inovies.com,,,,,2026-06-30T11:08:55.637842,"Premium AI-native digital agency since 2009. 500+ brands across India, UAE, US, UK & Australia trust Inovies for websites, e-commerce, paid ads, automation & MVPs",,https://twitter.com/inovies,https://www.instagram.com/inovies,,,https://www.inovies.com/contact,,,,Next.js,2009.0,,,Inovies,,OpenCorporates:401 Client Error: Unauthorized for url: https://api.opencorporates.com/v0.4/companies/search?q=Inovies&per_page=5,,,,,,,,,,,,
Intelex Systems,Enterprise / Tech Company,Tier 2 - Warm,65,65,78,No,1,Gachibowli,PSR Prime Tower,Main,"Hyderabad, India",Software,Software development and IT services,,+91 40 1234 5678,,,Yes,,,4.0,Director - AI Software,Director - AI Software,,,,,,"AI software development, product engineering",Medium - AI engineering,,,,,,,,"TCS, Infosys, Wipro",AI software delivery,"""Intelex Systems"" Gachibowli",,,,,https://intelex.ca/user/login.php; https://www.intelexbilling.com/index.php?rp=%2Flogin; https://www.intelexbilling.com/index.php?rp=/login; https://fortive.com/intelex,"DDGSearchProvider,SearXNGProvider",,2026-06-30T11:09:12.964085,,,,,,,,,,,,,,,Intelex Systems,,OpenCorporates:401 Client Error: Unauthorized for url: https://api.opencorporates.com/v0.4/companies/search?q=Intelex+Systems&per_page=5,,,,,,,,,,,,
Intertech Labs,Enterprise / Tech Company,Tier 2 - Warm,65,65,78,No,1,Gachibowli,PSR Prime Tower,Main,"Hyderabad, India",IT Services,Technology and software development services,,+91 40 1234 5678,,,Yes,,,4.0,Director - AI Engineering,Director - AI Engineering,,,,,,"AI software development, product engineering",Medium - AI engineering,,,,,,,,"TCS, Infosys, Wipro",AI technology services,"""Intertech Labs"" Gachibowli",,,,,https://anaconda.org/channels/r/packages/r-spiderbar/overview; https://anaconda.org/channels/bioconda/packages/pgdspider/overview; https://conda.anaconda.org/default/win-64; https://conda.anaconda.org/conda-forge/linux-aarch64/casadi-3.6.7-py39hf3a0485_4.conda; https://anaconda.org/channels/main/packages/conda-pypi/overview,"DDGSearchProvider,SearXNGProvider",,2026-06-30T11:09:34.875361,,,,,,,,,,,,,,,Intertech Labs,,OpenCorporates:401 Client Error: Unauthorized for url: https://api.opencorporates.com/v0.4/companies/search?q=Intertech+Labs&per_page=5,,,,,,,,,,,,
Invesco Asset Management,Enterprise / Tech Company,Tier 2 - Warm,75,65,89,No,1,Gachibowli,Divyasree Orion,Block B6,"Atlanta, USA",Asset Management,Global investment management company,https://www.invesco.com,+91 40 1234 5678,mfservices@invescoindia.com,https://linkedin.com/company/invesco,Yes,"8,000+",,4.1,VP - AI Investment,VP - AI Investment,,,,,,"AI investment analytics, portfolio optimization, risk AI",High - AI in asset management,,,,,,,,"BlackRock, Vanguard, Fidelity",Investment AI analytics,,https://www.invesco.com,https://linkedin.com/company/invesco,mfservices@invescoindia.com,,,,,2026-06-30T11:09:46.216493,"Invesco Asset Management (India) offers expertise across equity and fixed income investments, with a broad range of best-in-class investment products across asset classeswith high standards of customer service. Invest in our Equity Funds , Hybrid Funds, ETF's, Fixed Income Funds & Fund of Funds.",https://www.facebook.com/tr,https://twitter.com/invescoindia,https://www.instagram.com/InvescoMutualFund,https://youtu.be/Haj2FTqw5bw,,https://www.invesco.com/contact-us,https://www.invesco.com/about-us?tab=Statutory&active=ExpenseRatioDisclosure,https://iiamihrms.darwinbox.in/ms/candidatev2/main/careers/home,,,,,,Invesco Asset Management,,OpenCorporates:401 Client Error: Unauthorized for url: https://api.opencorporates.com/v0.4/companies/search?q=Invesco+Asset+Management&per_page=5,,,,,,,,,,,,
J.P. Morgan,Enterprise / Tech Company,Tier 1 - Hot,100,100,89,No,1,HITEC City,Mindspace Madhapur,Building 11,"New York, USA",Investment Banking,"Global financial services firm, investment banking, asset management",https://www.jpmorgan.com,+91 40 1234 5678,,https://linkedin.com/company/jpmorgan,Yes,"290,000+",$130B+,4.1,MD - Technology Investment Banking,MD - Technology Investment Banking,Managing Director - Technology,"AI model risk management, trading algorithm accuracy, regulatory scrutiny","AI-driven alpha generation, risk reduction, operational efficiency","AI trading algorithms, risk model optimization, regulatory AI compliance",'JPMorgan manages $3.7T in assets. Our AI trading models can improve alpha by 2-3% and reduce risk exposure by 15%.',"AI trading algorithms, fraud detection, wealth management AI",Very High - AI in finance,Very Advanced - AI in finance,"Python, R, AWS, Bloomberg, custom quant platforms","Quant + Risk + Technology, rigorous backtesting, 18-24 month cycles",Very High - $500M+ AI budget,"Quant presentations, backtesting results, risk model comparisons",Hot - AI trading arms race,2025-01-15,"Goldman Sachs, Morgan Stanley, Citi",Hyderabad center supports global AI trading,,https://www.jpmorgan.com,https://linkedin.com/company/jpmorgan,,,,,,2026-06-30T11:09:57.921395,Putting our long-tenured investment teams on the line to earn the trust of institutional investors.,https://www.facebook.com/jpmorgan,https://twitter.com/jpmorgan,https://instagram.com/jpmorgan,https://www.youtube.com/user/jpmorgan,,https://www.jpmorgan.com/contact-us,https://www.jpmorgan.com/about-us/corporate-news,https://www.jpmorganchase.com/careers,https://www.jpmorgan.com/about-us/corporate-news,,,,,J.P. Morgan,Wikidata,OpenCorporates:401 Client Error: Unauthorized for url: https://api.opencorporates.com/v0.4/companies/search?q=J.P.+Morgan&per_page=5,J. P. Morgan,,,,,,,,,,,
Kanerika Software,Enterprise / Tech Company,Tier 2 - Warm,75,65,89,No,1,Gachibowli,DLF Cyber City,Block 2,"Hyderabad, India",Software,Software product development and services,https://www.kanerika.com,+91 40 1234 5678,,https://linkedin.com/company/kanerika,Yes,,,4.0,CEO - AI Products,CEO - AI Products,,,,,,"AI product development, data engineering",Medium - AI products,,,,,,,,"TCS, Infosys, Wipro",AI product engineering,,https://www.kanerika.com,https://linkedin.com/company/kanerika,,,,,,2026-06-30T11:10:08.990573,"Kanerika is a leading global consulting firm offering services on AI, data engineering & migration to help enterprises scale & modernize faster.",https://www.facebook.com/people/Kanerika/100065296068420,https://x.com/kanerikaSoft,https://www.instagram.com/kanerika_inc,https://www.youtube.com/@kanerikainc,,https://www.kanerika.com/contact-us,https://cookiedatabase.org/tcf/purposes,https://www.kanerika.com/careers,https://www.kanerika.com/resources/blogs,WordPress,,,,Kanerika Software,,OpenCorporates:401 Client Error: Unauthorized for url: https://api.opencorporates.com/v0.4/companies/search?q=Kanerika+Software&per_page=5,,,,,,,,,,,,
Kapil IT Solutions,Enterprise / Tech Company,Tier 2 - Warm,75,65,100,No,1,Gachibowli,Kapil Towers,Main,"Hyderabad, India",IT Services,IT services and solutions provider,https://www.kapilitsolutions.com,+91 98336 17779,enquiry@kapilcommercial.com,,Yes,,,4.0,Director - AI Services,Director - AI Services,,,,,,"AI IT services, automation, cloud AI",Medium - AI services,,,,,,,,"TCS, Infosys, Wipro",AI service delivery,"""Kapil IT Solutions"" Gachibowli",https://www.kapilitsolutions.com,,enquiry@kapilcommercial.com,+91 98336 17779,https://www.kapilitsolutions.com; https://www.sonyliv.com/shows/the-kapil-sharma-show-1700000083; https://kapilit.com/; https://craft.co/kapil-it-solutions; https://www.theceo.in/magazine/company-of-the-year/kapil-it-solutions-a-pioneer-making-businesses-reach-their-full-potential,"DDGSearchProvider,SearXNGProvider",,2026-06-30T11:10:32.659291,,,,,,,,,,,,,,,Kapil IT Solutions,,OpenCorporates:401 Client Error: Unauthorized for url: https://api.opencorporates.com/v0.4/companies/search?q=Kapil+IT+Solutions&per_page=5,,,,,,,,,,,,
Karur Vysya Bank,Enterprise / Tech Company,Tier 2 - Warm,75,65,89,No,1,HITEC City,Cyber Pearl,Block 1,"Karur, India",Banking,Indian private-sector bank,https://www.kvb.co.in,+91 40 1234 5678,,https://linkedin.com/company/karur-vysya-bank,Yes,"8,000+",,4.0,CIO - Digital Banking,CIO - Digital Banking,,,,,,"AI credit scoring, chatbots, fraud detection",Medium - BFSI AI,,,,,,,,"HDFC, ICICI, Axis",Digital banking AI initiatives,,https://www.kvb.co.in,https://linkedin.com/company/karur-vysya-bank,,,,,,2026-06-30T11:10:33.849351,,,,,,,,,,,,,,,Karur Vysya Bank,Wikidata,OpenCorporates:401 Client Error: Unauthorized for url: https://api.opencorporates.com/v0.4/companies/search?q=Karur+Vysya+Bank&per_page=5,Karur Vysya Bank,,India,,,,https://www.kvb.bank.in/,bank,,,Karur,
Knoah Solutions,Enterprise / Tech Company,Tier 2 - Warm,75,65,89,No,1,HITEC City,Mindspace Madhapur,Building 2,"Las Vegas, USA",BPO / Customer Service,Customer experience and BPO services,https://www.knoahsoft.com,+91 40 1234 5678,,https://linkedin.com/company/knoah-solutions,Yes,,,4.0,VP - AI Customer Experience,VP - AI Customer Experience,,,,,,"AI chatbots, voice analytics, sentiment analysis",Medium - AI CX growth,,,,,,,,"Concentrix, Sitel, Teleperformance",AI-powered customer analytics,,https://www.knoahsoft.com,https://linkedin.com/company/knoah-solutions,,,,,,2026-06-30T11:10:37.563629,,,,,,,,,,,,,,,Knoah Solutions,,OpenCorporates:401 Client Error: Unauthorized for url: https://api.opencorporates.com/v0.4/companies/search?q=Knoah+Solutions&per_page=5,,,,,,,,,,,,
Kyndryl Solutions,Enterprise / Tech Company,Tier 2 - Warm,75,65,89,No,1,Gachibowli,Divyasree Orion,Block B6,"New York, USA",IT Infrastructure,IBM spin-off providing IT infrastructure services,https://www.kyndryl.com,+91 40 1234 5678,,https://linkedin.com/company/kyndryl,Yes,"90,000+",$19B+,4.0,VP - AI Infrastructure,VP - AI Infrastructure,,,,,,"AI infrastructure management, cloud AI, automation",High - AI in infrastructure,,,,,,,,"DXC, Atos, Cognizant",AI infrastructure services,,https://www.kyndryl.com,https://linkedin.com/company/kyndryl,,,,,,2026-06-30T11:10:44.819596,"At Kyndryl, we design, build, manage and modernize the mission-critical technology systems that the world depends on every day.",,https://twitter.com/kyndryl,,,,https://www.kyndryl.com/in/en/about-us/contact-us,https://www.kyndryl.com/in/en/about-us,https://www.kyndryl.com/in/en/careers,https://www.kyndryl.com/in/en/about-us/news,,,"30,000",,Kyndryl Solutions,,OpenCorporates:401 Client Error: Unauthorized for url: https://api.opencorporates.com/v0.4/companies/search?q=Kyndryl+Solutions&per_page=5,,,,,,,,,,,,
Logicmatter India,Enterprise / Tech Company,Tier 2 - Warm,65,65,78,No,1,Gachibowli,PSR Prime Tower,Main,"Hyderabad, India",IT Services,Software and technology consulting,,+91 40 1234 5678,,,Yes,,,4.0,CEO - AI Consulting,CEO - AI Consulting,,,,,,"AI consulting, technology strategy, automation",Medium - AI consulting,,,,,,,,"Infosys, TCS, Wipro",AI consulting services,"""Logicmatter India"" Gachibowli",,,,,https://detail.chiebukuro.yahoo.co.jp/qa/question_detail/q14257583014; https://detail.chiebukuro.yahoo.co.jp/qa/question_detail/q12323508302; https://detail.chiebukuro.yahoo.co.jp/qa/question_detail/q10272343310; https://detail.chiebukuro.yahoo.co.jp/qa/question_detail/q11312593911; https://detail.chiebukuro.yahoo.co.jp/qa/question_detail/q12310632097,"DDGSearchProvider,SearXNGProvider",,2026-06-30T11:11:01.412782,,,,,,,,,,,,,,,Logicmatter India,,OpenCorporates:401 Client Error: Unauthorized for url: https://api.opencorporates.com/v0.4/companies/search?q=Logicmatter+India&per_page=5,,,,,,,,,,,,
Microsemi India,Enterprise / Tech Company,Tier 2 - Warm,75,65,89,No,1,Gachibowli,Kapil Towers,Main,"Chandler, USA",Semiconductor,"Subsidiary of Microchip Technology, semiconductor solutions",https://www.microchip.com,+91 40 1234 5678,,https://linkedin.com/company/microchip-technology,Yes,,,4.0,VP - AI Hardware,VP - AI Hardware,,,,,,"AI chip design, edge AI hardware",Medium - AI hardware,,,,,,,,"Intel, NVIDIA, Qualcomm",Semiconductor AI research,,https://www.microchip.com,https://linkedin.com/company/microchip-technology,,,,,,2026-06-30T11:11:07.827465,Reference #18.86ad1cb8.1782798062.502fd08,,,,,,,,,,,,,,Microsemi India,,OpenCorporates:401 Client Error: Unauthorized for url: https://api.opencorporates.com/v0.4/companies/search?q=Microsemi+India&per_page=5,,,,,,,,,,,,
Mindtree,Enterprise / Tech Company,Tier 2 - Warm,75,65,89,No,1,Gachibowli,Divyasree Orion,Block B6,"Bangalore, India",IT Services,Indian IT services and consulting company,https://www.mindtree.com,+91 40 1234 5678,,https://linkedin.com/company/mindtree,Yes,"30,000+",,4.1,CTO - AI & Digital,CTO - AI & Digital,,,,,,"AI digital solutions, customer AI, automation",High - AI in services,,,,,,,,"Infosys, TCS, Wipro",AI digital transformation,,https://www.mindtree.com,https://linkedin.com/company/mindtree,,,,,,2026-06-30T11:11:18.374661,LTM is an AI-centric global technology services company and the Business Creativity partner to the world’s largest and most disruptive enterprises.,,https://x.com/ltm_official,https://instagram.com/ltm_ofcl,https://www.youtube.com/iframe_api,,https://www.mindtree.com/content/ltimcorporatewebsite/us/contactus,https://www.mindtree.com/content/ltimcorporatewebsite/us/about-us,https://www.mindtree.com/content/ltimcorporatewebsite/us/careers,https://accessibe.com/blog/knowledgebase/screen-reader-guide,,,,,Mindtree,Wikidata,OpenCorporates:401 Client Error: Unauthorized for url: https://api.opencorporates.com/v0.4/companies/search?q=Mindtree&per_page=5,Mindtree,,India,,,,https://www.mindtree.com/,IT service management,,,Bengaluru,
NASSCOM,Enterprise / Tech Company,Tier 2 - Warm,75,65,89,No,1,HITEC City,Mindspace Madhapur,Maximus 2B,"New Delhi, India",Industry Association,"Indian IT industry's trade association, promotes innovation and growth",https://www.nasscom.in,+91 40 1234 5678,,https://linkedin.com/company/nasscom,Yes,,,4.5,President - AI & Emerging Tech,President - AI & Emerging Tech,,,,,,"AI policy, skilling, industry standards",High - AI advocacy,,,,,,,,"TIE, CII, FICCI",Hyderabad AI Hub initiative,,https://www.nasscom.in,https://linkedin.com/company/nasscom,,,,,,2026-06-30T11:11:24.338580,"Nasscom is the premier trade association of India's $315 billion technology industry, representing 3,000+ companies across IT services, products, startups, and",https://www.facebook.com/nasscomOfficial,https://x.com/nasscom,https://www.instagram.com/nasscom_in,https://www.youtube.com/watch,,,https://www.nasscom.in/about-us,https://www.nasscom.in/careers,,Drupal,,,,NASSCOM,Wikidata,OpenCorporates:401 Client Error: Unauthorized for url: https://api.opencorporates.com/v0.4/companies/search?q=NASSCOM&per_page=5,NASSCOM,,India,,,,http://www.nasscom.in/,"business and professional associations, unions",,,Noida,
NCR Corporation,Enterprise / Tech Company,Tier 2 - Warm,75,65,89,No,1,HITEC City,Mindspace Madhapur,Building 12B,"Atlanta, USA",Technology / Hardware,American software and technology company for banking and retail,https://www.ncr.com,+91 40 1234 5678,,https://linkedin.com/company/ncr-corporation,Yes,"35,000+",$7B+,4.0,VP - Retail AI,VP - Retail AI,,,,,,"AI self-checkout, retail analytics, ATM AI",Medium - AI in retail/banking,,,,,,,,"Diebold Nixdorf, Fujitsu",ATM AI and retail analytics R&D,,https://www.ncr.com,https://linkedin.com/company/ncr-corporation,,,,,,2026-06-30T11:11:33.406446,,,,,,,,,,,,,,,NCR Corporation,Wikidata,OpenCorporates:401 Client Error: Unauthorized for url: https://api.opencorporates.com/v0.4/companies/search?q=NCR+Corporation&per_page=5,NCR Corporation,,United States,,,,https://www.ncrvoyix.com/,information and communications technology,,21500,Augsburg,
NTT DATA,Enterprise / Tech Company,Tier 2 - Warm,75,65,89,No,1,Gachibowli,Divyasree Orion,Block B5,"Tokyo, Japan",IT Services,Japanese IT services and consulting company,https://www.nttdata.com,+91 40 1234 5678,,https://linkedin.com/company/ntt-data,Yes,"190,000+",$20B+,4.0,SVP - AI & Data,SVP - AI & Data,,,,,,"AI data services, enterprise AI, automation",High - AI in services,,,,,,,,"NTT, Accenture, IBM",AI data delivery center,,https://www.nttdata.com,https://linkedin.com/company/ntt-data,,,,,,2026-06-30T11:11:40.234768,"NTT DATA helps clients transform through consulting, industry solutions, business process services, IT modernization and managed services.",,https://twitter.com/nttdata,https://instagram.com/nttdata,https://www.youtube.com/NTTDATAGlobal,,https://www.nttdata.com/global/en/contact-us,https://www.nttdata.com/global/en/about-us,https://careers.services.global.ntt/global/en,https://www.nttdata.com/global/en/insights/focus,,,,,NTT DATA,Wikidata,OpenCorporates:401 Client Error: Unauthorized for url: https://api.opencorporates.com/v0.4/companies/search?q=NTT+DATA&per_page=5,NTT Data Group,,Japan,,,,https://www.nttdata.com,IT service management,,,Toyosu,
Oppo Mobile,Enterprise / Tech Company,Tier 2 - Warm,75,65,89,No,1,HITEC City,Mindspace Madhapur,Building 12,"Dongguan, China",Consumer Electronics,Chinese consumer electronics and mobile communications company,https://www.oppo.com,+91 40 1234 5678,,https://linkedin.com/company/oppo,Yes,"40,000+",$15B+,4.1,Director - AI Camera,Director - AI Camera,,,,,,"AI photography, voice assistants, device optimization",Medium - AI in mobile,,,,,,,,"Samsung, Xiaomi, Vivo",AI camera R&D in Hyderabad,,https://www.oppo.com,https://linkedin.com/company/oppo,,8001032777; 9958808080,,,,2026-06-30T11:11:49.555592,"Learn more about the all new OPPO Reno14 series and more innovative OPPO smartphones, Tablets, Audios and Accessories at OPPO Official Site.",https://www.facebook.com/OPPOCareIN,https://twitter.com/oppomobileindia,https://www.instagram.com/oppomobileindia,https://www.youtube.com/user/oppomobileindia,,https://www.oppo.com/in/contact,https://www.oppo.com/in/about,https://careers-oppo.peoplestrong.com,https://www.oppo.com/in/newsroom,,,,,Oppo Mobile,,OpenCorporates:401 Client Error: Unauthorized for url: https://api.opencorporates.com/v0.4/companies/search?q=Oppo+Mobile&per_page=5,,,,,,,,,,,,
Pactera,Enterprise / Tech Company,Tier 2 - Warm,75,65,89,No,1,HITEC City,Mindspace Madhapur,Building 12D,"Beijing, China",IT Services,Global consulting and technology services company,https://www.pactera.com,+91 40 1234 5678,,https://linkedin.com/company/pactera,Yes,,,4.0,VP - AI Solutions,VP - AI Solutions,,,,,,"AI consulting, ML implementation, data engineering",Medium - AI services,,,,,,,,"Infosys, Cognizant, Wipro",AI delivery center in Hyderabad,,https://www.pactera.com,https://linkedin.com/company/pactera,,,,,,2026-06-30T11:12:00.922438,中电文思海辉，中国领先的IT创新型技术服务提供商，知名IT软件开发、软件定制服务商，是157家财富500强企业的数字化转型合作伙伴，拥有超过20年的IT服务经验，为各行业提供企业数字化转型、软件应用开发、测试以及各种系统软件定制开发等IT软件技术服务解决方案，数字化服务覆盖高科技、金融、制造、电信、互联网、汽车、旅游交通等众多行业。,,,,,,https://www.pactera.com/marketing-contact-us?comefrom=GlobalContactUs&linkfrom=https%3A%2F%2Fwww.pactera.com%2F,,https://www.pactera.com/careers,https://www.pactera.com/news-press,,,,,Pactera,Wikidata,OpenCorporates:401 Client Error: Unauthorized for url: https://api.opencorporates.com/v0.4/companies/search?q=Pactera&per_page=5,Pactera,,People's Republic of China,,,,http://www.pactera.com,information technology,,,Beijing,
Pegasystems,Enterprise / Tech Company,Tier 2 - Warm,75,65,89,No,1,HITEC City,Mindspace Madhapur,Building 12A,"Cambridge, USA",Software / CRM,Low-code platform for AI-powered decisioning and workflow automation,https://www.pega.com,+91 40 1234 5678,,https://linkedin.com/company/pegasystems,Yes,"6,000+",$1.2B+,4.1,VP Product - AI Decisioning,VP Product - AI Decisioning,,,,,,"Real-time AI decisioning, customer engagement AI",Very High - AI-native platform,,,,,,,,"Salesforce, ServiceNow, Appian",Hyderabad is largest R&D center outside US,,https://www.pega.com,https://linkedin.com/company/pegasystems,,,,,,2026-06-30T11:12:14.639416,"The world’s most influential organizations trust Pega to reimagine work - automating workflows, personalizing customer experiences, and modernizing legacy systems.",https://www.facebook.com/pegasystems,https://twitter.com/pega,,https://www.youtube.com/user/Pegasystems,https://github.com/newrelic,https://www.pega.com/insights/resources/automation-autonomy-rise-agentic-ai-contact-centers,https://www.pega.com/about,https://www.pega.com/about/careers,https://www.pega.com/about/news,Drupal,1983.0,,,Pegasystems,SEC_EDGAR; Wikidata,OpenCorporates:401 Client Error: Unauthorized for url: https://api.opencorporates.com/v0.4/companies/search?q=Pegasystems&per_page=5,Pegasystems,0001013857,United States,,,,https://www.pega.com/,software industry,,,Cambridge,
Pranaya Life Sciences,Enterprise / Tech Company,Tier 2 - Warm,65,65,78,No,1,Gachibowli,PSR Prime Tower,Main,"Hyderabad, India",Healthcare,Life sciences and healthcare technology,,+91 40 1234 5678,,,Yes,,,4.0,CEO - Health AI,CEO - Health AI,,,,,,"AI drug discovery, clinical analytics, health AI",Medium - Health AI,,,,,,,,"Dr. Reddy's, Biocon, Laurus",Life sciences AI research,"""Pranaya Life Sciences"" Gachibowli",,,,,https://translate.google.sh/?hl=zh-CN&tab=TT; https://translate.google.me/?hl=zh-CN&tab=TT; https://web.whatsapp.com/; https://wa.me/; https://www.androidauthority.com/whatsapp-web-3076775/,"DDGSearchProvider,SearXNGProvider",,2026-06-30T11:12:37.887495,,,,,,,,,,,,,,,Pranaya Life Sciences,,OpenCorporates:401 Client Error: Unauthorized for url: https://api.opencorporates.com/v0.4/companies/search?q=Pranaya+Life+Sciences&per_page=5,,,,,,,,,,,,
Prometric Testing,Enterprise / Tech Company,Tier 2 - Warm,75,65,89,No,1,Gachibowli,Kapil Towers,Main,"Baltimore, USA",EdTech / Assessment,Global leader in technology-enabled testing and assessment,https://www.prometric.com,+91 40 1234 5678,,https://linkedin.com/company/prometric,Yes,,,4.0,VP - AI Assessment,VP - AI Assessment,,,,,,"AI proctoring, adaptive testing, analytics",Medium - AI in EdTech,,,,,,,,"Pearson VUE, PSI, Kryterion",AI testing and assessment,,https://www.prometric.com,https://linkedin.com/company/prometric,,,,,,2026-06-30T11:12:43.562689,Prometric provides industry-leading assessment design and delivery solutions. Find exams and resources to meet your certification needs.,,https://x.com/prometricglobal,https://www.instagram.com/prometric_global,https://www.youtube.com/@prometricglobal,,https://www.prometric.com/contact-us,https://www.prometric.com/accommodations,https://www.prometric.com/careers,https://www.prometric.com/blog,,,,,Prometric Testing,Wikidata,OpenCorporates:401 Client Error: Unauthorized for url: https://api.opencorporates.com/v0.4/companies/search?q=Prometric+Testing&per_page=5,Prometric,,United States,,,,https://www.prometric.com/,,,,Baltimore,
Qualcomm,Enterprise / Tech Company,Tier 1 - Hot,100,100,100,No,1,HITEC City,Mindspace Madhapur,Building 3A,"San Diego, USA",Semiconductor / Telecom,"Designs and markets wireless telecommunications products and services, Snapdragon processors",https://www.qualcomm.com,+91 40 1234 5678,info@qualcomm.com,https://linkedin.com/company/qualcomm,Yes,"50,000+",$35B+,4.2,VP Engineering - AI & Edge Computing,VP Engineering - AI & Edge Computing,VP of Engineering - AI,"Power efficiency for on-device AI, edge AI performance, thermal management","Lead AI chip market, enable next-gen AI devices, optimize NPU performance","AI model optimization for Snapdragon, on-device LLM deployment, edge AI SDK","'Qualcomm's Snapdragon is in 2B+ devices. Our AI optimization can reduce model size by 60% while maintaining 95% accuracy, enabling real-time AI on every phone.'","On-device AI, edge computing, 5G AI optimization",Very High - AI in chip design,Very Advanced - AI-native hardware,"TensorFlow, PyTorch, ONNX, custom silicon","Engineering-led, technical evaluation, 12-18 month roadmap",High - $50M+ R&D budget,"Technical deep dives, benchmark comparisons, patent collaborations",Hot - AI hardware race,2025-01-15,"MediaTek, Intel, NVIDIA",Opened AI R&D lab in Hyderabad,,https://www.qualcomm.com,https://linkedin.com/company/qualcomm,info@qualcomm.com,,,,,2026-06-30T11:12:49.130011,"Learn how Qualcomm transforms industries with leading edge AI, high-performance, low-power computing and unrivaled connectivity.",,,,,,,,,,,,,,Qualcomm,SEC_EDGAR; Wikidata,OpenCorporates:401 Client Error: Unauthorized for url: https://api.opencorporates.com/v0.4/companies/search?q=Qualcomm&per_page=5,Adreno,0000804328,United States,,,,https://developer.qualcomm.com/discover/chipsets-and-modems/adreno-gpu,,,,,
Qualcomm India,Enterprise / Tech Company,Tier 2 - Warm,75,65,89,No,1,HITEC City,Mindspace Madhapur,Maximus 2B,"Hyderabad, India",Semiconductor,"Indian subsidiary of Qualcomm, chip design and R&D",https://www.qualcomm.com,+91 40 1234 5678,,https://linkedin.com/company/qualcomm,Yes,"5,000+",,4.2,Director - AI Research,Director - AI Research,,,,,,"On-device AI, neural processing units, 5G AI",Very High - AI R&D hub,,,,,,,,"Intel India, NVIDIA India",Largest engineering center outside US,,https://www.qualcomm.com,https://linkedin.com/company/qualcomm,,,,,,2026-06-30T11:12:53.537649,"Learn how Qualcomm transforms industries with leading edge AI, high-performance, low-power computing and unrivaled connectivity.",,,,,,,,,,,,,,Qualcomm India,,OpenCorporates:401 Client Error: Unauthorized for url: https://api.opencorporates.com/v0.4/companies/search?q=Qualcomm+India&per_page=5,,,,,,,,,,,,
Salesforce.com India,Enterprise / Tech Company,Tier 2 - Warm,75,65,89,No,1,Gachibowli,Divyasree Orion,Block B5,"San Francisco, USA",SaaS / CRM,"Cloud-based software company, CRM and enterprise applications",https://www.salesforce.com,+91 40 1234 5678,,https://linkedin.com/company/salesforce,Yes,"77,000+",$34B+,4.2,VP - AI & Einstein,VP - AI & Einstein,,,,,,"Einstein AI, CRM AI, predictive analytics",Very High - AI-native SaaS,,,,,,,,"Microsoft Dynamics, SAP, Oracle",Einstein AI development in Hyderabad,,https://www.salesforce.com,https://linkedin.com/company/salesforce,,,,,,2026-06-30T11:12:59.502712,Reference #18.667c4117.1782798174.2a48202,,,,,,,,,,Salesforce,,,,Salesforce.com India,,OpenCorporates:401 Client Error: Unauthorized for url: https://api.opencorporates.com/v0.4/companies/search?q=Salesforce.com+India&per_page=5,,,,,,,,,,,,
Shoot Order,AI Marketing Agency,Tier 1 - Hot,100,100,89,No,1,"Madhapur, HITEC City",,,"Madhapur, HITEC City",Digital Marketing / AI Agency,"Web App Development, Email Marketing, PPC, Affiliate Marketing, SEO, SMM",https://www.shootorder.com,,info@shootorder.com,https://linkedin.com/company/shootorder,Yes,50+,,4.3,Founder / CEO / Growth Head,,CEO / Director,"AI competition from larger agencies, client retention, AI skill gaps","Integrate AI across all services, 50% AI-driven revenue by 2026","AI media buying, automated email optimization, SEO AI",'Shoot Order manages 400+ clients. Our AI media buying can reduce CAC by 30% and improve ROAS by 45%.',"AI media buying, email automation AI","AI media buying, automated email optimization, SEO AI",Intermediate - AI integration,"Google Ads, Meta, Mailchimp, SEMrush","CEO-led, client success focused, quarterly planning",Medium - ₹2-10M budgets,"Client success stories, AI case studies, media buying demos",Warm - AI adoption,2025-01-15,,Unique social demeanor with AI media planning,,https://www.shootorder.com,https://linkedin.com/company/shootorder,info@shootorder.com,,,,,2026-06-30T11:13:06.848763,"ShootOrder is one of the globally awarded digital marketing agency in Hyderabad, India. We are amongst the top ranked digital marketing companies with 300+ clients across the globe driving best results in digital marketing services like SEO, PPC, Content Marketing & Social Media.",https://www.facebook.com/shootorder,https://twitter.com/shootorder,https://www.instagram.com/shootorder,,,https://www.shootorder.com/contact-us,https://www.shootorder.com/about,https://www.shootorder.com/careers,https://www.shootorder.com/blog-management,,,,,Shoot Order,,OpenCorporates:401 Client Error: Unauthorized for url: https://api.opencorporates.com/v0.4/companies/search?q=Shoot+Order&per_page=5,,,,,,,,,,,,
Smartworks,Enterprise / Tech Company,Tier 2 - Warm,75,65,89,No,1,HITEC City,Mindspace Madhapur,Building 3,"Bangalore, India",Co-working / Flexible Office,Managed office space and co-working solutions for enterprises,https://www.smartworksoffice.com,+91 40 1234 5678,enquiry@sworks.co.in,https://linkedin.com/company/smartworks,Yes,,,4.2,CTO - PropTech AI,CTO - PropTech AI,,,,,,"AI space optimization, workplace analytics",Medium - AI in real estate,,,,,,,,"WeWork, Awfis, 91Springboard",AI-powered workspace management,,https://www.smartworksoffice.com,https://linkedin.com/company/smartworks,enquiry@sworks.co.in,,,,,2026-06-30T11:13:13.214365,"With a presence in 15 cities, India & Singapore, Smartworks helps Fortune 500s, GCCs, and fast-growing firms scale with custom-built, value-priced workspaces.",https://www.facebook.com/smartworksoffice,https://twitter.com/SmartworksInd,https://www.instagram.com/smartworksoffice,https://www.youtube.com/channel/UCjo4JkQrj5rGSLhtfVHjn_Q,,https://www.smartworksoffice.com/contact-us,https://www.smartworksoffice.com/#,https://www.smartworksoffice.com/careers,https://www.smartworksoffice.com/blog,Next.js,,,,Smartworks,,OpenCorporates:401 Client Error: Unauthorized for url: https://api.opencorporates.com/v0.4/companies/search?q=Smartworks&per_page=5,,,,,,,,,,,,
Synechron Technologies,Enterprise / Tech Company,Tier 2 - Warm,75,65,89,No,1,Gachibowli,Divyasree Orion,Block B5,"Piscataway, USA",IT Services,Digital transformation consulting and technology services,https://www.synechron.com,+91 40 1234 5678,,https://linkedin.com/company/synechron,Yes,,,4.0,VP - AI & Fintech,VP - AI & Fintech,,,,,,"AI fintech, insurance AI, wealth management AI",High - AI in fintech,,,,,,,,"Infosys, TCS, Wipro",Fintech AI solutions,,https://www.synechron.com,https://linkedin.com/company/synechron,,,,,,2026-06-30T11:13:21.517259,Synechron is an innovative global consulting firm delivering industry-leading digital solutions to transform and empower businesses.,,,https://www.instagram.com/synechroninc,http://www.youtube.com/user/SynechronInc,,https://www.synechron.com/en/contactus,,https://www.synechron.com/en/careers,,Next.js,,,,Synechron Technologies,,OpenCorporates:401 Client Error: Unauthorized for url: https://api.opencorporates.com/v0.4/companies/search?q=Synechron+Technologies&per_page=5,,,,,,,,,,,,
TIBCO Software,Enterprise / Tech Company,Tier 2 - Warm,75,65,89,No,1,Gachibowli,DLF Cyber City,Block 1,"Palo Alto, USA",Software / Analytics,"Enterprise software for integration, analytics, event processing",https://www.tibco.com,+91 40 1234 5678,,https://linkedin.com/company/tibco,Yes,"4,000+",,4.0,VP - AI Analytics,VP - AI Analytics,,,,,,"AI data analytics, predictive modeling, real-time AI",High - AI analytics,,,,,,,,"IBM, SAS, Palantir",Analytics AI development,,https://www.tibco.com,https://linkedin.com/company/tibco,,,,,,2026-06-30T11:13:28.048468,"TIBCO Platform is the next-generation data platform that delivers mission-critical capabilities like integration, messaging, and event processing in any environment.",https://www.facebook.com/TIBCO,https://twitter.com/tibco,,https://www.youtube.com/iframe_api,,https://www.tibco.com/contact-us,,https://careers.cloud.com,https://www.tibco.com/blog,,,,,TIBCO Software,Wikidata,OpenCorporates:401 Client Error: Unauthorized for url: https://api.opencorporates.com/v0.4/companies/search?q=TIBCO+Software&per_page=5,Tibco Software,,United States,,,,https://www.tibco.com/,software industry,,4200,Palo Alto,
Telstra,Enterprise / Tech Company,Tier 2 - Warm,75,65,89,No,1,HITEC City,Mindspace Madhapur,Building 12D,"Melbourne, Australia",Telecom,Australia's largest telecommunications company,https://www.telstra.com.au,+91 40 1234 5678,,https://linkedin.com/company/telstra,Yes,"30,000+",$20B+,4.0,Director - AI & Automation,Director - AI & Automation,,,,,,"AI network ops, customer service AI, predictive maintenance",Medium - AI in telecom,,,,,,,,"Optus, Vodafone AU",Offshore AI development center,,https://www.telstra.com.au,https://linkedin.com/company/telstra,,,,,,2026-06-30T11:13:33.927449,"Join Australia's largest mobile network, view our plans for NBN broadband internet, mobile phones, 5G & on-demand streaming services.",https://www.facebook.com/Telstra,https://twitter.com/telstra,https://www.instagram.com/telstra,https://www.youtube.com/user/TelstraCorp,https://github.com/tc39,https://www.telstra.com.au/contact-us,https://www.telstra.com.au/aboutus/support-in-times-of-need/adversity-financial-hardship,https://www.telstra.com.au/careers,https://www.telstra.com.au/connected,,,,,Telstra,Wikidata,OpenCorporates:401 Client Error: Unauthorized for url: https://api.opencorporates.com/v0.4/companies/search?q=Telstra&per_page=5,Accor Stadium,,Australia,,,,https://www.accorstadium.com.au,,,,,
Thomson Reuters,Enterprise / Tech Company,Tier 2 - Warm,75,65,89,No,1,HITEC City,Mindspace Madhapur,Building 11,"Toronto, Canada",Information Services,"Multinational media and information firm, news agency, financial data",https://www.thomsonreuters.com,+91 40 1234 5678,,https://linkedin.com/company/thomson-reuters,Yes,"25,000+",$6B+,4.0,CTO - Data & Analytics,CTO - Data & Analytics,,,,,,"AI content generation, legal AI, financial data NLP",High - NLP and content AI,,,,,,,,"Bloomberg, Dow Jones, Refinitiv",Legal AI product development in Hyderabad,,https://www.thomsonreuters.com,https://linkedin.com/company/thomson-reuters,,,,,,2026-06-30T11:13:44.694252,"Thomson Reuters delivers technology with purpose — empowering professionals to make faster decisions, gain sharper insights, and deliver greater impact.",https://www.facebook.com/thomsonreuters,https://x.com/thomsonreuters,https://www.instagram.com/thomsonreuters,https://www.youtube.com/iframe_api,,https://legal.thomsonreuters.com/en/contact-sales,https://www.thomsonreuters.com/en/partners,https://www.thomsonreuters.com/en/careers,https://tax.thomsonreuters.com/blog/thomson-reuters-offers-an-end-to-end-compliance-platform-for-oracle-fusion-cloud-erp-users,,,,,Thomson Reuters,SEC_EDGAR; Wikidata,OpenCorporates:401 Client Error: Unauthorized for url: https://api.opencorporates.com/v0.4/companies/search?q=Thomson+Reuters&per_page=5,Reuters,0001075124,United Kingdom,,,,https://www.reuters.com/,telecommunications,,2500,London,
UST Global,Enterprise / Tech Company,Tier 2 - Warm,75,65,89,No,1,HITEC City,Cyber Pearl,Block 2,"Aliso Viejo, USA",IT Services,Digital transformation solutions company,https://www.ust.com,+91 40 1234 5678,,https://linkedin.com/company/ustglobal,Yes,"30,000+",$1B+,4.1,CTO - AI & Innovation,CTO - AI & Innovation,,,,,,"AI product development, intelligent automation, data science",High - AI in services,,,,,,,,"Infosys, TCS, Cognizant",AI CoE in Hyderabad,,https://www.ust.com,https://linkedin.com/company/ustglobal,,,,,,2026-06-30T11:13:53.524824,"UST helps the world’s best organizations succeed through digital transformation, crafting disruptive solutions and strategies bringing our clients’ vision to life.",https://www.facebook.com/USTGlobal,https://twitter.com/ustglobal,https://www.instagram.com/ust.global,https://www.youtube.com/user/ustglobalweb,https://github.com/js-cookie,https://www.ust.com/en/contact-us,https://www.ust.com/en,https://www.ust.com/en/careers,https://www.ust.com/en/who-we-are/ust-newsroom,HubSpot,,,,UST Global,Wikidata,OpenCorporates:401 Client Error: Unauthorized for url: https://api.opencorporates.com/v0.4/companies/search?q=UST+Global&per_page=5,UST,,United States,,,,https://www.ust.com,software industry,,30000,Aliso Viejo,
Unisys,Enterprise / Tech Company,Tier 2 - Warm,75,65,89,No,1,Gachibowli,DLF Cyber City,Block 2,"Blue Bell, USA",IT Services,Global IT services company,https://www.unisys.com,+91 40 1234 5678,,https://linkedin.com/company/unisys,Yes,"20,000+",,4.0,CTO - AI & Security,CTO - AI & Security,,,,,,"AI security, cloud AI, automation",Medium - AI in IT,,,,,,,,"IBM, DXC, Atos",AI security solutions,,https://www.unisys.com,https://linkedin.com/company/unisys,,,,,,2026-06-30T11:13:58.809271,This website uses a security service to protect against malicious bots. This page is displayed while the website verifies you are not a bot.,,,,,,,,,,,,,,Unisys,SEC_EDGAR; Wikidata,OpenCorporates:401 Client Error: Unauthorized for url: https://api.opencorporates.com/v0.4/companies/search?q=Unisys&per_page=5,Unisys,0000746838,United States,,,,https://www.unisys.com/,IT service management,,,Blue Bell,
Value Add Knowledge Services,Enterprise / Tech Company,Tier 2 - Warm,65,65,78,No,1,HITEC City,Mindspace Madhapur,Maximus 2B,"Hyderabad, India",KPO / Analytics,Knowledge process outsourcing and data analytics services,,+91 40 1234 5678,tiru@vakservices.com.Get,,Yes,,,4.0,Director - AI Analytics,Director - AI Analytics,,,,,,"Data analytics AI, NLP automation",Medium - AI analytics,,,,,,,,"Genpact, WNS, EXL",Growing AI data services,"""Value Add Knowledge Services"" HITEC City",,,tiru@vakservices.com.Get,8341773466,https://bloxfruitsvalues.com/; https://www.merriam-webster.com/dictionary/value; https://dictionary.cambridge.org/dictionary/english/value; https://www.dictionary.com/browse/value; https://simplicable.com/en/what-is-value,"DDGSearchProvider,SearXNGProvider",,2026-06-30T11:14:11.053237,,,,,,,,,,,,,,,Value Add Knowledge Services,,OpenCorporates:401 Client Error: Unauthorized for url: https://api.opencorporates.com/v0.4/companies/search?q=Value+Add+Knowledge+Services&per_page=5,,,,,,,,,,,,
ValueMomentum Software,Enterprise / Tech Company,Tier 2 - Warm,75,65,89,No,1,Gachibowli,Divyasree Orion,Block B6,"Hyderabad, India",Insurance IT,Technology solutions for insurance industry,https://www.valuemomentum.com,+91 40 1234 5678,,https://linkedin.com/company/valuemomentum,Yes,,,4.0,CEO - Insurance AI,CEO - Insurance AI,,,,,,"AI insurance analytics, claims AI, underwriting AI",Medium - AI in insurance,,,,,,,,"Duck Creek, Guidewire, Majesco",Insurance AI solutions,,https://www.valuemomentum.com,https://linkedin.com/company/valuemomentum,,,,,,2026-06-30T11:14:22.133560,"Discover how our Property and Casualty (P&C) insurance services empower insurers with cutting-edge digital solutions to enhance efficiency, streamline operations, and drive growth. Learn more today!",,,https://www.instagram.com/valuemomentum_inc,https://www.youtube.com/@ValuemomentumInc,,https://valuemomentum.com/contact-us,https://www.valuemomentum.com/company,https://www.valuemomentum.com/careers,https://www.valuemomentum.com/insights/news,WordPress,,,,ValueMomentum Software,,OpenCorporates:401 Client Error: Unauthorized for url: https://api.opencorporates.com/v0.4/companies/search?q=ValueMomentum+Software&per_page=5,,,,,,,,,,,,
Verizon,Enterprise / Tech Company,Tier 2 - Warm,75,65,89,No,1,HITEC City,Mindspace Madhapur,Building 12,"New York, USA",Telecom,"American wireless network operator, one of the largest telecom companies",https://www.verizon.com,+91 40 1234 5678,,https://linkedin.com/company/verizon,Yes,"100,000+",$130B+,4.0,VP - Network AI,VP - Network AI,,,,,,"AI network optimization, predictive maintenance, 5G AI",High - Telecom AI,,,,,,,,"AT&T, T-Mobile, Vodafone",Hyderabad R&D for network AI,,https://www.verizon.com,https://linkedin.com/company/verizon,,,,,,2026-06-30T11:14:30.732302,"Shop Verizon smartphone deals and wireless plans on the largest 4G LTE network. First to 5G. Get Fios for the fastest internet, TV and phone service.",https://www.facebook.com/verizon,https://twitter.com/verizon,https://www.instagram.com/verizon,https://www.youtube.com/user/verizon,,https://www.verizon.com/support/contact-us,https://www.verizon.com/about,https://mycareer.verizon.com,https://mblogin.verizonwireless.com/account/business/signin,,,,,Verizon,SEC_EDGAR; Wikidata,OpenCorporates:401 Client Error: Unauthorized for url: https://api.opencorporates.com/v0.4/companies/search?q=Verizon&per_page=5,Capital One Arena,0000732712,United States,,,,http://CapitalOneArena.com,,,,,
Vodafone,Enterprise / Tech Company,Tier 2 - Warm,75,65,89,No,1,HITEC City,Mindspace Madhapur,Building 12,"Newbury, UK",Telecom,British multinational telecommunications company,https://www.vodafone.com,+91 40 1234 5678,,https://linkedin.com/company/vodafone,Yes,"100,000+",$50B+,4.0,CTO - AI & Analytics,CTO - AI & Analytics,,,,,,"AI customer analytics, network optimization, fraud detection",High - AI in telecom,,,,,,,,"Verizon, Airtel, Jio",Shared services center AI projects,,https://www.vodafone.com,https://linkedin.com/company/vodafone,,,,,,2026-06-30T11:14:43.845947,"Vodafone is a leading technology communications company in Europe and Africa, keeping society connected and building a digital future. Find out more!",https://www.facebook.com/thevodafonegroup,https://twitter.com/VodafoneGroup,https://www.instagram.com/vodafone,https://www.youtube.com/vodafonemedia,,https://www.vodafone.com/investors/contact-us,,https://careers.vodafone.com,https://www.vodafone.com/investors/performance-and-reports/regulatory-news,,,,,Vodafone,SEC_EDGAR; Wikidata,OpenCorporates:401 Client Error: Unauthorized for url: https://api.opencorporates.com/v0.4/companies/search?q=Vodafone&per_page=5,Vodafone,0000839923,United Kingdom,,,,https://www.vodafone.com/,telecommunications,,96506,London,
Wells Fargo International,Enterprise / Tech Company,Tier 2 - Warm,75,65,89,No,1,Gachibowli,Divyasree Orion,Block B5,"San Francisco, USA",Banking,Global banking and financial services,https://www.wellsfargo.com,+91 40 1234 5678,,https://linkedin.com/company/wells-fargo,Yes,,,4.0,SVP - AI Banking,SVP - AI Banking,,,,,,"AI risk management, customer AI, fraud detection",High - AI in banking,,,,,,,,"JPMorgan, Bank of America, Citi",AI banking operations center,,https://www.wellsfargo.com,https://linkedin.com/company/wells-fargo,,,,,,2026-06-30T11:14:50.810279,"Committed to the financial health of our customers and communities. Explore bank accounts, loans, mortgages, investing, credit cards & banking services»",https://www.facebook.com/wellsfargo,https://www.twitter.com/wellsfargo,https://www.instagram.com/wellsfargo,https://www.youtube.com/user/wellsfargo,,,https://www.wellsfargo.com/about,https://www.wellsfargo.com/about/careers,,,,,,Wells Fargo International,,OpenCorporates:401 Client Error: Unauthorized for url: https://api.opencorporates.com/v0.4/companies/search?q=Wells+Fargo+International&per_page=5,,,,,,,,,,,,
Wipro,Enterprise / Tech Company,Tier 1 - Hot,100,100,89,No,1,HITEC City,Mindspace Madhapur,Building 12D,"Bangalore, India",IT Services,Indian multinational corporation providing IT consulting and business process services,https://www.wipro.com,+91 40 1234 5678,,https://linkedin.com/company/wipro,Yes,"250,000+",$10B+,4.0,CTO - AI & Innovation,CTO - AI & Innovation,CTO - AI & Innovation,"HOLMES platform adoption, AI talent retention, competitive differentiation","Make Wipro a top 3 AI services provider, 30% AI revenue by 2030","HOLMES AI enhancement, generative AI solutions, AI-powered IT ops",'Wipro's HOLMES AI manages 10K+ IT environments. Our AI can reduce IT incidents by 60% and automate 70% of routine maintenance.',"AI solutions for clients, Wipro HOLMES AI platform",Very High - AI in services,Advanced - AI in services,"Azure, AWS, GCP, HOLMES, Topaz","C-suite + Client, innovation labs, co-creation",High - $150M+ AI budget,"Innovation days, client co-creation, Wipro AI summit",Warm - AI transformation,2025-01-15,"TCS, Infosys, Cognizant",Hyderabad AI lab for client delivery,,https://www.wipro.com,https://linkedin.com/company/wipro,,,,,,2026-06-30T11:14:57.749323,"As a global leader, Wipro blends consulting and AI expertise across design, engineering and operations to accelerate business transformation and deliver future-ready technology.",https://www.facebook.com/WiproLimited,,https://www.instagram.com/wiprolimited,https://www.youtube.com/user/Wiprovideos,,https://www.wipro.com#contactUs,https://www.wipro.com/about-us,https://careers.wipro.com,https://www.wipro.com/newsroom,,,,,Wipro,SEC_EDGAR; Wikidata,OpenCorporates:401 Client Error: Unauthorized for url: https://api.opencorporates.com/v0.4/companies/search?q=Wipro&per_page=5,Wipro,0001123799,India,,,,https://www.wipro.com/,IT service management,,,Bengaluru,
Xoriant Solutions,Enterprise / Tech Company,Tier 2 - Warm,75,65,89,No,1,HITEC City,Cyber Gateway,Block B,"Cupertino, USA",IT Services,Software engineering and technology services,https://www.xoriant.com,+91 40 1234 5678,recruitment@xoriant.com,https://linkedin.com/company/xoriant,Yes,,,4.0,CTO - AI & Engineering,CTO - AI & Engineering,,,,,,"AI engineering services, ML ops, cloud AI",Medium - AI engineering,,,,,,,,"Infosys, TCS, Cognizant",AI engineering delivery,,https://www.xoriant.com,https://linkedin.com/company/xoriant,recruitment@xoriant.com,,,,,2026-06-30T11:15:08.491404,"US-based software development, technology services company helping ISVs, large enterprises with digital engineering service, professional & managed services to accelerate technology initiatives",https://facebook.com/Xoriant,https://twitter.com/xoriant,https://www.instagram.com/xoriant_life,https://www.youtube.com/c/xoriant,https://github.com/aFarkas,https://www.xoriant.com/partners#contact,https://www.xoriant.com/about-xoriant,https://www.xoriant.com/about-xoriant/careers,https://www.xoriant.com/news/xoriant-acquires-testdevlab-expands-eu-presence-ai-driven-qe,Drupal,,5000 +,,Xoriant Solutions,,OpenCorporates:401 Client Error: Unauthorized for url: https://api.opencorporates.com/v0.4/companies/search?q=Xoriant+Solutions&per_page=5,,,,,,,,,,,,
Zebi Data India,Enterprise / Tech Company,Tier 2 - Warm,75,65,89,No,1,Gachibowli,Kapil Towers,Main,"Hyderabad, India",Blockchain / Data,Blockchain and data security solutions,https://www.zebi.io,+91 40 1234 5678,,https://linkedin.com/company/zebi-data,Yes,,,4.0,CEO - Blockchain AI,CEO - Blockchain AI,,,,,,"AI blockchain, data security, analytics",Medium - AI blockchain,,,,,,,,"Chainalysis, IBM Blockchain",Blockchain AI solutions,,https://www.zebi.io,https://linkedin.com/company/zebi-data,,,,,,2026-06-30T11:15:14.718458,The origin web server does not have a valid SSL certificate.,,,,,,,,,,,,,,Zebi Data India,,OpenCorporates:401 Client Error: Unauthorized for url: https://api.opencorporates.com/v0.4/companies/search?q=Zebi+Data+India&per_page=5,,,,,,,,,,,,
i Prism Technologies,AI Marketing Agency,Tier 2 - Warm,75,65,89,No,1,"Gachibowli, Hyderabad",,,"Gachibowli, Hyderabad",Digital Marketing / AI Agency,"Mobile App, Website Development, Digital Marketing, SEO, SMO, SEM",https://www.iprismtech.com,,info@iprismtech.com,https://linkedin.com/company/iprismtech,Yes,50+,,4.3,Founder / CEO / Growth Head,,,,,,,"AI app optimization, mobile AI marketing","AI app optimization, mobile marketing AI, SEO AI",,,,,,,,,ISO certified global leader with AI,,https://www.iprismtech.com,https://linkedin.com/company/iprismtech,info@iprismtech.com,,,,,2026-06-30T11:15:20.669456,"iPrism Tech is a one of the best mobile app development company in Hyderabad, India. We provide custom mobile app development services at economical prices.",https://www.facebook.com/iprismtech,https://twitter.com/iprismtech,https://www.instagram.com/iprismtech,,,https://www.iprismtech.com/contact-us/contact.aspx,https://www.iprismtech.com/company/about-us.aspx,https://www.iprismtech.com/careers/careers.aspx,https://www.iprismtech.com/blog,,,,,i Prism Technologies,,OpenCorporates:401 Client Error: Unauthorized for url: https://api.opencorporates.com/v0.4/companies/search?q=i+Prism+Technologies&per_page=5,,,,,,,,,,,,
