Business Name,Area,Category,Profile URL,Listing Source
Real World Group,Gachibowli,Real Estate Builder/Developer,https://www.realestateindia.com/profile/real-world-group-in-samatha-colony-toli-chowki-hyderabad-2541558/,https://www.realestateindia.com/builders-developers-in-gachibowli-hyderabad.htm
BAVITHAA BUSINESS SOLUTIONS,Gachibowli,Real Estate Builder/Developer,https://www.realestateindia.com/profile/bavithaa-business-solutions-in-rayanapadu-vijayawada-1476491/,https://www.realestateindia.com/builders-developers-in-gachibowli-hyderabad.htm
Naagarathnam Infraa,Gachibowli,Real Estate Builder/Developer,https://www.realestateindia.com/profile/naagarathnam-infraa-in-padmavathypuram-tirupati-325637/,https://www.realestateindia.com/builders-developers-in-gachibowli-hyderabad.htm
Satya Sai Homes,Gachibowli,Real Estate Builder/Developer,https://www.realestateindia.com/profile/satya-sai-homes-in-hitech-city-hyderabad-1726083/,https://www.realestateindia.com/builders-developers-in-gachibowli-hyderabad.htm
Rich Homes Pvt.Ltd,Gachibowli,Real Estate Builder/Developer,https://www.realestateindia.com/profile/rich-homes-pvt-ltd-in-malakpet-hyderabad-3944169/,https://www.realestateindia.com/builders-developers-in-gachibowli-hyderabad.htm
D FM SOLUTIONS,Gachibowli,Real Estate Builder/Developer,https://www.realestateindia.com/profile/d-fm-solutions-in-kapra-hyderabad-1804660/,https://www.realestateindia.com/builders-developers-in-gachibowli-hyderabad.htm
Casagrand Premier Builder Limited,Gachibowli,Real Estate Builder/Developer,https://www.realestateindia.com/profile/casagrand-premier-builder-limited-in-thiruvanmiyur-chennai-3974885/,https://www.realestateindia.com/builders-developers-in-gachibowli-hyderabad.htm
MHK Property services,Gachibowli,Real Estate Builder/Developer,https://www.realestateindia.com/profile/mhk-property-services-in-shamshabad-hyderabad-3961460/,https://www.realestateindia.com/builders-developers-in-gachibowli-hyderabad.htm
Muppa Projects India Private Limited,Gachibowli,Real Estate Builder/Developer,https://www.realestateindia.com/profile/muppa-projects-india-private-limited-in-adikmet-hyderabad-1592261/,https://www.realestateindia.com/builders-developers-in-gachibowli-hyderabad.htm
Anuhar Homes,Gachibowli,Real Estate Builder/Developer,https://www.realestateindia.com/profile/anuhar-homes-in-adikmet-hyderabad-792980/,https://www.realestateindia.com/builders-developers-in-gachibowli-hyderabad.htm
PVR Developers India Pvt Ltd,Gachibowli,Real Estate Builder/Developer,https://www.realestateindia.com/profile/pvr-developers-india-pvt-ltd-in-shankarpally-rangareddy-2638880/,https://www.realestateindia.com/builders-developers-in-gachibowli-hyderabad.htm
Diar Luxury,Gachibowli,Real Estate Builder/Developer,https://www.realestateindia.com/profile/diar-luxury-in-kondapur-hyderabad-3539322/,https://www.realestateindia.com/builders-developers-in-gachibowli-hyderabad.htm
SIRI Constructions,Gachibowli,Real Estate Builder/Developer,https://www.realestateindia.com/profile/siri-constructions-in-adikmet-hyderabad-874368/,https://www.realestateindia.com/builders-developers-in-gachibowli-hyderabad.htm
Best Properties Hyderabad,Gachibowli,Real Estate Builder/Developer,https://www.realestateindia.com/profile/best-properties-hyderabad-in-kondapur-hyderabad-1587811/,https://www.realestateindia.com/builders-developers-in-gachibowli-hyderabad.htm
Suvarna Properties,Gachibowli,Real Estate Builder/Developer,https://www.realestateindia.com/profile/suvarna-properties-in-mutyalampadu-vijayawada-989001/,https://www.realestateindia.com/builders-developers-in-gachibowli-hyderabad.htm
SPACE STATION,Gachibowli,Real Estate Builder/Developer,https://www.realestateindia.com/profile/space-station-in-madanapalle-chittoor-1255676/,https://www.realestateindia.com/builders-developers-in-gachibowli-hyderabad.htm
Bhanodaya Constructions,Gachibowli,Real Estate Builder/Developer,https://www.realestateindia.com/profile/bhanodaya-constructions-in-pragathi-nagar-hyderabad-2111573/,https://www.realestateindia.com/builders-developers-in-gachibowli-hyderabad.htm
makaan4u.com,Gachibowli,Real Estate Builder/Developer,https://www.realestateindia.com/profile/makaan4u-com-in-adikmet-hyderabad-107127/,https://www.realestateindia.com/builders-developers-in-gachibowli-hyderabad.htm
GNR SOLUTIINS,Gachibowli,Real Estate Builder/Developer,https://www.realestateindia.com/profile/gnr-solutiins-in-adikmet-hyderabad-1664689/,https://www.realestateindia.com/builders-developers-in-gachibowli-hyderabad.htm
Lands And Builders,Gachibowli,Real Estate Builder/Developer,https://www.realestateindia.com/profile/lands-and-builders-in-miyapur-hyderabad-1856882/,https://www.realestateindia.com/builders-developers-in-gachibowli-hyderabad.htm
Prajay Engineers Syndicate Ltd,Hitech City,Real Estate Builder/Developer,https://www.realestateindia.com/profile/prajay-engineers-syndicate-ltd-in-adikmet-hyderabad-853716/,https://www.realestateindia.com/builders-developers-in-hitech-city-hyderabad.htm
DARSHIKA DEVELOPERS,Hitech City,Real Estate Builder/Developer,https://www.realestateindia.com/profile/darshika-developers-in-ramachandra-puram-hyderabad-1951182/,https://www.realestateindia.com/builders-developers-in-hitech-city-hyderabad.htm
Despace Interiors Pvt Ltd,Hitech City,Real Estate Builder/Developer,https://www.realestateindia.com/profile/despace-interiors-pvt-ltd-in-gachibowli-hyderabad-3451483/,https://www.realestateindia.com/builders-developers-in-hitech-city-hyderabad.htm
Dream Home Realtors,Hitech City,Real Estate Builder/Developer,https://www.realestateindia.com/profile/dream-home-realtors-in-lamington-road-hubballi-19535/,https://www.realestateindia.com/builders-developers-in-hitech-city-hyderabad.htm
bluestone infrastructure limited,Hitech City,Real Estate Builder/Developer,https://www.realestateindia.com/profile/bluestone-infrastructure-limited-in-adikmet-hyderabad-1002324/,https://www.realestateindia.com/builders-developers-in-hitech-city-hyderabad.htm
ASK SOFT TECH,Hitech City,Real Estate Builder/Developer,https://www.realestateindia.com/profile/ask-soft-tech-in-ameerpet-hyderabad-2551798/,https://www.realestateindia.com/builders-developers-in-hitech-city-hyderabad.htm
Aadya Builders and Estates,Hitech City,Real Estate Builder/Developer,https://www.realestateindia.com/profile/aadya-builders-and-estates-in-rolling-hills-gachibowli-hyderabad-2229106/,https://www.realestateindia.com/builders-developers-in-hitech-city-hyderabad.htm
Bluestone Groups,Hitech City,Real Estate Builder/Developer,https://www.realestateindia.com/profile/bluestone-groups-in-madhapur-hyderabad-821187/,https://www.realestateindia.com/builders-developers-in-hitech-city-hyderabad.htm
Ridge Homes,Hitech City,Real Estate Builder/Developer,https://www.realestateindia.com/profile/ridge-homes-in-sultanpur-hyderabad-2218429/,https://www.realestateindia.com/builders-developers-in-hitech-city-hyderabad.htm
Cybercity Builders & Developers Pvt. Ltd.,Hitech City,Real Estate Builder/Developer,https://www.realestateindia.com/profile/cybercity-builders-developers-pvt-ltd-in-adikmet-hyderabad-135089/,https://www.realestateindia.com/builders-developers-in-hitech-city-hyderabad.htm
Sathwik Interiors & Realtors,Hitech City,Real Estate Builder/Developer,https://www.realestateindia.com/profile/sathwik-interiors-realtors-in-kukatpally-hyderabad-2537722/,https://www.realestateindia.com/builders-developers-in-hitech-city-hyderabad.htm
VKR Property Services,Hitech City,Real Estate Builder/Developer,https://www.realestateindia.com/profile/vkr-property-services-in-adikmet-hyderabad-75494/,https://www.realestateindia.com/builders-developers-in-hitech-city-hyderabad.htm
BNPR PROJECTS LLP,Madhapur,Real Estate Builder/Developer,https://www.realestateindia.com/profile/bnpr-projects-llp-in-kondapur-hyderabad-1503952/,https://www.realestateindia.com/builders-developers-in-madhapur-hyderabad.htm
Bharat Nirman Limited,Madhapur,Real Estate Builder/Developer,https://www.realestateindia.com/profile/bharat-nirman-limited-in-ameerpet-hyderabad-1713731/,https://www.realestateindia.com/builders-developers-in-madhapur-hyderabad.htm
Axia properties,Madhapur,Real Estate Builder/Developer,https://www.realestateindia.com/profile/axia-properties-in-nagole-hyderabad-2458829/,https://www.realestateindia.com/builders-developers-in-madhapur-hyderabad.htm
MyRon Homes,Madhapur,Real Estate Builder/Developer,https://www.realestateindia.com/profile/myron-homes-in-jubilee-hills-hyderabad-2118859/,https://www.realestateindia.com/builders-developers-in-madhapur-hyderabad.htm
Jayakrishna Constructions,Madhapur,Real Estate Builder/Developer,https://www.realestateindia.com/profile/jayakrishna-constructions-in-hyderabad-3802515/,https://www.realestateindia.com/builders-developers-in-madhapur-hyderabad.htm
Happy Homes,Madhapur,Real Estate Builder/Developer,https://www.realestateindia.com/profile/happy-homes-in-attapur-hyderabad-797962/,https://www.realestateindia.com/builders-developers-in-madhapur-hyderabad.htm
Datta Estates and Co,Madhapur,Real Estate Builder/Developer,https://www.realestateindia.com/profile/datta-estates-and-co-in-kukatpally-hyderabad-1310486/,https://www.realestateindia.com/builders-developers-in-madhapur-hyderabad.htm
SAI AKSHAY CONSTRUCTIONS,Madhapur,Real Estate Builder/Developer,https://www.realestateindia.com/profile/sai-akshay-constructions-in-adikmet-hyderabad-1239258/,https://www.realestateindia.com/builders-developers-in-madhapur-hyderabad.htm
Incor Infrastructure Pvt. Ltd.,Madhapur,Real Estate Builder/Developer,https://www.realestateindia.com/profile/incor-infrastructure-pvt-ltd-in-adikmet-hyderabad-1494522/,https://www.realestateindia.com/builders-developers-in-madhapur-hyderabad.htm
Mumbai estate,Madhapur,Real Estate Builder/Developer,https://www.realestateindia.com/profile/mumbai-estate-in-antop-hill-mumbai-4074122/,https://www.realestateindia.com/builders-developers-in-madhapur-hyderabad.htm
asrithas group,Madhapur,Real Estate Builder/Developer,https://www.realestateindia.com/profile/asrithas-group-in-adikmet-hyderabad-1567517/,https://www.realestateindia.com/builders-developers-in-madhapur-hyderabad.htm
Bonsai Housing,Madhapur,Real Estate Builder/Developer,https://www.realestateindia.com/profile/bonsai-housing-in-adikmet-hyderabad-247058/,https://www.realestateindia.com/builders-developers-in-madhapur-hyderabad.htm
Lodha Group,Madhapur,Real Estate Builder/Developer,https://www.realestateindia.com/profile/lodha-group-in-adikmet-hyderabad-135596/,https://www.realestateindia.com/builders-developers-in-madhapur-hyderabad.htm
Sri Skanda Developers,Kondapur,Real Estate Builder/Developer,https://www.realestateindia.com/profile/sri-skanda-developers-in-ameerpet-hyderabad-2900093/,https://www.realestateindia.com/builders-developers-in-kondapur-hyderabad.htm
Springfield Villas Pvt. Ltd.,Kondapur,Real Estate Builder/Developer,https://www.realestateindia.com/profile/springfield-villas-pvt-ltd-in-diamond-point-secunderabad-14516/,https://www.realestateindia.com/builders-developers-in-kondapur-hyderabad.htm
adasada properties,Kondapur,Real Estate Builder/Developer,https://www.realestateindia.com/profile/adasada-properties-in-hasanganj-unnao-1014824/,https://www.realestateindia.com/builders-developers-in-kondapur-hyderabad.htm
Adasada Developers Private Limited,Kondapur,Real Estate Builder/Developer,https://www.realestateindia.com/profile/adasada-developers-private-limited-in-dilsukhnagar-hyderabad-1139016/,https://www.realestateindia.com/builders-developers-in-kondapur-hyderabad.htm
BVM Energy And Residency Pvt Ltd,Kondapur,Real Estate Builder/Developer,https://www.realestateindia.com/profile/bvm-energy-and-residency-pvt-ltd-in-gachibowli-hyderabad-2792610/,https://www.realestateindia.com/builders-developers-in-kondapur-hyderabad.htm
Siri Sampada Constructions,Kondapur,Real Estate Builder/Developer,https://www.realestateindia.com/profile/siri-sampada-constructions-in-adikmet-hyderabad-74532/,https://www.realestateindia.com/builders-developers-in-kondapur-hyderabad.htm
Sri Vaarahi Infra Developers,Kondapur,Real Estate Builder/Developer,https://www.realestateindia.com/profile/sri-vaarahi-infra-developers-in-miyapur-hyderabad-3051006/,https://www.realestateindia.com/builders-developers-in-kondapur-hyderabad.htm
rohith enterprises,Kondapur,Real Estate Builder/Developer,https://www.realestateindia.com/profile/rohith-enterprises-in-adikmet-hyderabad-1433589/,https://www.realestateindia.com/builders-developers-in-kondapur-hyderabad.htm
adasada reaestates,Kondapur,Real Estate Builder/Developer,https://www.realestateindia.com/profile/adasada-reaestates-in-adikmet-hyderabad-1055714/,https://www.realestateindia.com/builders-developers-in-kondapur-hyderabad.htm
Siyora developers,Jubilee Hills,Real Estate Builder/Developer,https://www.realestateindia.com/profile/siyora-developers-in-bininage-hyderabad-1749167/,https://www.realestateindia.com/builders-developers-in-jubilee-hills-hyderabad.htm
Sark Projects,Jubilee Hills,Real Estate Builder/Developer,https://www.realestateindia.com/profile/sark-projects-in-adikmet-hyderabad-941410/,https://www.realestateindia.com/builders-developers-in-jubilee-hills-hyderabad.htm
SG Real Estates,Jubilee Hills,Real Estate Builder/Developer,https://www.realestateindia.com/profile/sg-real-estates-in-patancheru-hyderabad-1647404/,https://www.realestateindia.com/builders-developers-in-jubilee-hills-hyderabad.htm
Akshay Realators And Developers,Jubilee Hills,Real Estate Builder/Developer,https://www.realestateindia.com/profile/akshay-realators-and-developers-in-adikmet-hyderabad-22046/,https://www.realestateindia.com/builders-developers-in-jubilee-hills-hyderabad.htm
Them Ambience,Jubilee Hills,Real Estate Builder/Developer,https://www.realestateindia.com/profile/them-ambience-in-adikmet-hyderabad-81668/,https://www.realestateindia.com/builders-developers-in-jubilee-hills-hyderabad.htm
Concept one developers pvt ltd,Jubilee Hills,Real Estate Builder/Developer,https://www.realestateindia.com/profile/concept-one-developers-pvt-ltd-in-sun-city-hyderabad-3334398/,https://www.realestateindia.com/builders-developers-in-jubilee-hills-hyderabad.htm
Choice-India,Jubilee Hills,Real Estate Builder/Developer,https://www.realestateindia.com/profile/choice-india-in-greater-hyderabad-610270/,https://www.realestateindia.com/builders-developers-in-jubilee-hills-hyderabad.htm
Green metro infra pvt ltd,Jubilee Hills,Real Estate Builder/Developer,https://www.realestateindia.com/profile/green-metro-infra-pvt-ltd-in-adikmet-hyderabad-1531706/,https://www.realestateindia.com/builders-developers-in-jubilee-hills-hyderabad.htm
Cosmos Consultants,Banjara Hills,Real Estate Builder/Developer,https://www.realestateindia.com/profile/cosmos-consultants-in-mehdipatnam-hyderabad-560943/,https://www.realestateindia.com/builders-developers-in-banjara-hills-hyderabad.htm
Honeyy Group,Banjara Hills,Real Estate Builder/Developer,https://www.realestateindia.com/profile/honeyy-group-in-kphb-1st-phase-kukatpally-hyderabad-2943703/,https://www.realestateindia.com/builders-developers-in-banjara-hills-hyderabad.htm
Seven stones developers,Banjara Hills,Real Estate Builder/Developer,https://www.realestateindia.com/profile/seven-stones-developers-in-sagar-society-hyderabad-1936523/,https://www.realestateindia.com/builders-developers-in-banjara-hills-hyderabad.htm
Sri Aditya Homes Pvt. Ltd.,Banjara Hills,Real Estate Builder/Developer,https://www.realestateindia.com/profile/sri-aditya-homes-pvt-ltd-in-adikmet-hyderabad-74583/,https://www.realestateindia.com/builders-developers-in-banjara-hills-hyderabad.htm
Rudhra Real Estates,Banjara Hills,Real Estate Builder/Developer,https://www.realestateindia.com/profile/rudhra-real-estates-in-alwal-hyderabad-1357042/,https://www.realestateindia.com/builders-developers-in-banjara-hills-hyderabad.htm
VASAVI GROUP,Banjara Hills,Real Estate Builder/Developer,https://www.realestateindia.com/profile/vasavi-group-in-adikmet-hyderabad-1534354/,https://www.realestateindia.com/builders-developers-in-banjara-hills-hyderabad.htm
The House of Abhinandan Lodha,Banjara Hills,Real Estate Builder/Developer,https://www.realestateindia.com/profile/the-house-of-abhinandan-lodha-in-mahalaxmi-mumbai-3418693/,https://www.realestateindia.com/builders-developers-in-banjara-hills-hyderabad.htm
AIJAZ CONSTRUCTIONS,Banjara Hills,Real Estate Builder/Developer,https://www.realestateindia.com/profile/aijaz-constructions-in-sailani-baba-colony-kamareddy-1580331/,https://www.realestateindia.com/builders-developers-in-banjara-hills-hyderabad.htm
BSA Constructions,Banjara Hills,Real Estate Builder/Developer,https://www.realestateindia.com/profile/bsa-constructions-in-alkapur-township-hyderabad-3980859/,https://www.realestateindia.com/builders-developers-in-banjara-hills-hyderabad.htm
Vaishnavi Infracon India Private Limited,Banjara Hills,Real Estate Builder/Developer,https://www.realestateindia.com/profile/vaishnavi-infracon-india-private-limited-in-bandlaguda-jagir-hyderabad-1724509/,https://www.realestateindia.com/builders-developers-in-banjara-hills-hyderabad.htm
Team One Infra,Banjara Hills,Real Estate Builder/Developer,https://www.realestateindia.com/profile/team-one-infra-in-anantagiri-hills-vikarabad-1968990/,https://www.realestateindia.com/builders-developers-in-banjara-hills-hyderabad.htm
Babukhan,Banjara Hills,Real Estate Builder/Developer,https://www.realestateindia.com/profile/babukhan-in-adikmet-hyderabad-133667/,https://www.realestateindia.com/builders-developers-in-banjara-hills-hyderabad.htm
SSB DEVELOPERS,Banjara Hills,Real Estate Builder/Developer,https://www.realestateindia.com/profile/ssb-developers-in-adikmet-hyderabad-1394575/,https://www.realestateindia.com/builders-developers-in-banjara-hills-hyderabad.htm
