Business Name,Type,Priority Tier,Priority Score,AI Readiness Score,Data Completeness %,Multi-Location,Location Count,Area,Tech Park,Building,HQ Location,Business Category,Description,Website,Phone,Email,LinkedIn,Has Direct Contact,Employee Count,Revenue Range,Google Rating,Primary Persona,Decision Maker Persona,Persona Title,Persona Pain Points,Persona Goals,AI Value Proposition,AI Pitch Script,AI Pitch Opportunity,AI Use Case,AI Maturity,Tech Stack,Decision Making Process,Budget Authority,Engagement Strategy,Contact Priority,Last Enriched,Competitors,Recent News
ABB Global,Enterprise / Tech Company,Tier 2 - Warm,75,65,89,No,1,HITEC City,Cyber Pearl,Block 1,"Zurich, Switzerland",Industrial Automation,"Swedish-Swiss multinational corporation in robotics, automation, power",https://www.abb.com,+91 40 1234 5678,,https://linkedin.com/company/abb,Yes,"105,000+",$30B+,4.2,CTO - Industrial AI,CTO - Industrial AI,,,,,,"AI robotics, predictive maintenance, energy optimization",Very High - AI in industry,,,,,,,,"Siemens, Rockwell, Schneider",Industrial AI center in Hyderabad
ADP India,Enterprise / Tech Company,Tier 2 - Warm,75,65,89,No,1,HITEC City,Laxmi Cyber City,Main,"Roseland, USA",HR Tech / Payroll,Global provider of human capital management solutions,https://www.adp.com,+91 40 1234 5678,,https://linkedin.com/company/adp,Yes,"60,000+",$17B+,4.1,VP - AI HR Tech,VP - AI HR Tech,,,,,,"AI payroll, talent analytics, HR automation",High - AI in HR,,,,,,,,"Workday, SAP, Oracle",AI-powered HR analytics platform
AMD,Enterprise / Tech Company,Tier 2 - Warm,75,65,89,No,1,HITEC City,Mindspace Madhapur,Building 11,"Santa Clara, USA",Semiconductor,Designs and integrates technology that powers millions of devices,https://www.amd.com,+91 40 1234 5678,,https://linkedin.com/company/amd,Yes,"25,000+",$23B+,4.3,VP Engineering - AI Acceleration,VP Engineering - AI Acceleration,,,,,,"AI chip design, GPU for ML, data center AI",Very High - AI hardware focus,,,,,,,,"NVIDIA, Intel, Qualcomm",Hyderabad team works on AI chip architecture
Accenture,Enterprise / Tech Company,Tier 1 - Hot,100,100,100,No,1,HITEC City,Mindspace Madhapur,Building 1A,"Dublin, Ireland",IT Consulting & Services,"Global professional services company providing strategy, consulting, digital, technology, and operations services",https://www.accenture.com,+91 40 6692 0000,hdc.mailroom@accenture.com,https://linkedin.com/company/accenture,Yes,"775,000+",$64B+,4.0,CTO - Cloud & AI Transformation,CTO - Cloud & AI Transformation,Chief Technology Officer,"Scaling AI across global teams, legacy modernization, talent shortage","Drive digital transformation, reduce costs, accelerate innovation","AI copilots for 775K employees, generative AI for client delivery, automated code generation","'Accenture is investing $3B in AI. We can help you deploy AI copilots across your 100K+ workforce, reducing project delivery time by 40% and cutting costs by 25%.'","AI-powered automation, generative AI for client delivery",High - AI at core of strategy,Advanced - AI at core,"Azure, AWS, GCP, Salesforce, SAP","C-suite driven, 6-12 month cycles, ROI-focused",High - $100M+ AI budgets,"Executive briefings, POCs, case studies, industry events",Hot - Immediate AI need,2025-01-15,"Deloitte, TCS, Infosys",Launched AI Center of Excellence in Hyderabad
AdvanSoft India,Enterprise / Tech Company,Tier 2 - Warm,65,65,78,No,1,HITEC City,Cyber Towers,Q4,"Hyderabad, India",Software,Software development and services,,+91 40 1234 5678,,,Yes,,,4.0,Director - AI Products,Director - AI Products,,,,,,"AI software development, product engineering",Medium - AI products,,,,,,,,"Infosys, TCS, Wipro",AI product development
AheadRace Software,Enterprise / Tech Company,Tier 2 - Warm,65,65,78,No,1,Gachibowli,Kapil Towers,Main,"Hyderabad, India",Software,Software development services,,+91 40 1234 5678,,,Yes,,,4.0,Director - AI Engineering,Director - AI Engineering,,,,,,"AI software development, product engineering",Medium - AI engineering,,,,,,,,"TCS, Infosys, Wipro",AI software delivery
Amazon,Enterprise / Tech Company,Tier 1 - Hot,100,100,89,No,1,HITEC City,Mindspace Madhapur,Building 4,"Seattle, USA",E-commerce / Cloud,World's largest e-commerce and cloud computing company (AWS),https://www.amazon.com,+91 40 1234 5678,,https://linkedin.com/company/amazon,Yes,1.5M+,$500B+,4.1,Principal Engineer - AI/ML,Principal Engineer - AI/ML,Principal Engineer - AI/ML,"Scaling AI infrastructure, real-time recommendation latency, personalization at scale","Increase conversion by 20%, reduce AWS AI costs by 30%, enable new AI services","AI-powered recommendation engines, real-time personalization, AWS AI service optimization","'Amazon processes 1M+ transactions per second. Our AI can reduce recommendation latency by 50% and increase conversion rates by 15%, adding $5B+ in revenue.'","Alexa AI, recommendation engines, AWS AI services",Very High - AI everywhere,Very Advanced - AI everywhere,"AWS, TensorFlow, MXNet, custom chips","Engineering + Product, data-driven, A/B testing culture",Very High - $10B+ AI budget,"Technical papers, benchmark data, internal demos",Warm - Internal AI teams,2025-01-15,"Microsoft, Google, Flipkart",Expanding Hyderabad development center
Aspire Systems,Enterprise / Tech Company,Tier 2 - Warm,75,65,89,No,1,Gachibowli,Divyasree Orion,Block B5,"Chennai, India",IT Services,Technology outsourcing and product engineering,https://www.aspiresys.com,+91 40 1234 5678,,https://linkedin.com/company/aspire-systems,Yes,,,4.0,CTO - AI Engineering,CTO - AI Engineering,,,,,,"AI engineering, product development, cloud AI",Medium - AI engineering,,,,,,,,"TCS, Infosys, Wipro",AI product engineering
BA Continuum,Enterprise / Tech Company,Tier 2 - Warm,75,65,89,No,1,HITEC City,Mindspace Madhapur,Building 9,"Charlotte, USA",BFSI / IT Services,Bank of America subsidiary providing IT and business process outsourcing services,https://www.bankofamerica.com,+91 40 1234 5678,,https://linkedin.com/company/bank-of-america,Yes,,,4.0,SVP Technology - Digital Banking,SVP Technology - Digital Banking,,,,,,"AI fraud detection, customer analytics, robo-advisory",High - BFSI AI adoption,,,,,,,,"JPMorgan, Wells Fargo, HSBC",Implementing AI for loan processing
BA Continuum India,Enterprise / Tech Company,Tier 2 - Warm,75,65,89,No,1,HITEC City,Mindspace Madhapur,Building 5,"Hyderabad, India",BFSI / IT,IT and operations subsidiary of Bank of America,https://www.bankofamerica.com,+91 40 1234 5678,,https://linkedin.com/company/bank-of-america,Yes,,,4.0,SVP - AI Operations,SVP - AI Operations,,,,,,"Process automation, AI compliance, predictive analytics",High - AI in operations,,,,,,,,"Wells Fargo, JPMorgan",Expanding AI team in Hyderabad
Berkadia,Enterprise / Tech Company,Tier 2 - Warm,75,65,89,No,1,Gachibowli,DLF Cyber City,Block 2,"Ambler, USA",Real Estate / Financial,Joint venture of Berkshire Hathaway and Jefferies Financial Group,https://www.berkadia.com,+91 40 1234 5678,,https://linkedin.com/company/berkadia,Yes,,,4.0,VP - PropTech AI,VP - PropTech AI,,,,,,"AI real estate analytics, investment modeling",Medium - AI in real estate,,,,,,,,"CBRE, JLL, Cushman",Real estate AI analytics
CGI,Enterprise / Tech Company,Tier 2 - Warm,75,65,89,No,1,Gachibowli,DLF Cyber City,Block 2,"Montreal, Canada",IT Consulting,Canadian IT consulting and outsourcing services,https://www.cgi.com,+91 40 1234 5678,,https://linkedin.com/company/cgi,Yes,"90,000+",$12B+,4.0,VP - AI Consulting,VP - AI Consulting,,,,,,"AI consulting, enterprise AI, automation",High - AI consulting,,,,,,,,"Accenture, Deloitte, Capgemini",AI consulting practice
Cambridge Technology,Enterprise / Tech Company,Tier 2 - Warm,75,65,89,No,1,HITEC City,Cyber Pearl,Block 1,"Cambridge, USA",IT Services,Technology services and solutions provider,https://www.cambridgeonline.com,+91 40 1234 5678,,https://linkedin.com/company/cambridge-technology,Yes,,,4.0,Director - Cloud AI,Director - Cloud AI,,,,,,"Cloud-native AI, data engineering, ML ops",Medium - AI services,,,,,,,,"Infosys, TCS, Wipro",Cloud and AI solutions
CipherCloud,Enterprise / Tech Company,Tier 2 - Warm,75,65,89,No,1,HITEC City,Cyber Pearl,Block 2,"San Jose, USA",Cybersecurity,Cloud security and encryption solutions,https://www.ciphercloud.com,+91 40 1234 5678,,https://linkedin.com/company/ciphercloud,Yes,,,4.0,CTO - AI Security,CTO - AI Security,,,,,,"AI threat detection, cloud security analytics",Medium - AI security,,,,,,,,"Palo Alto, McAfee, Symantec",Cloud AI security R&D
Cognizant,Enterprise / Tech Company,Tier 1 - Hot,100,100,89,Yes,2,Gachibowli | HITEC City,DLF Cyber City | Mindspace Madhapur,Block 1 | Building 12A,"Teaneck, USA",IT Consulting / Services,"Multinational technology company providing IT services, consulting, business process outsourcing",https://www.cognizant.com,+91 40 1234 5678,,https://linkedin.com/company/cognizant,Yes,"350,000+",$19B+,4.0,SVP - AI & Digital Engineering,SVP - AI & Digital Engineering,SVP - AI & Digital Engineering,"AI talent shortage, client AI readiness, margin pressure from AI automation","Lead AI services market, 50% revenue from AI by 2030, top AI talent","Neuro AI platform, generative AI for clients, AI automation at scale",'Cognizant serves 2000+ clients. Our Neuro AI can automate 40% of software development tasks and reduce time-to-market by 50%.',"Neuro AI platform, generative AI for clients, automation",Very High - AI-first strategy,Advanced - AI-first strategy,"Azure, AWS, GCP, Salesforce, SAP","Client-driven, solution sales, quarterly business reviews",High - $200M+ AI budget,"Client workshops, POCs, industry conferences, analyst briefings",Hot - AI services growth,2025-01-15,"TCS, Infosys, Wipro",Launched AI lab in Hyderabad
Cybage Software,Enterprise / Tech Company,Tier 2 - Warm,75,65,89,No,1,Gachibowli,DLF Cyber City,Block 2,"Pune, India",IT Services,Software engineering and technology consulting,https://www.cybage.com,+91 40 1234 5678,,https://linkedin.com/company/cybage,Yes,,,4.0,VP - AI Engineering,VP - AI Engineering,,,,,,"AI software development, data science",Medium - AI engineering,,,,,,,,"Infosys, TCS, Wipro",AI engineering services
DIGITALOPS,AI Marketing Agency,Tier 1 - Hot,100,100,100,No,1,"Madhapur, HITEC City",,,"Madhapur, HITEC City",Digital Marketing / AI Agency,"SEO, Google Ads, Social Media, Content Marketing, Performance Marketing",https://www.digitalops.in,+91 9966 001212,hello@digitalops.in,https://linkedin.com/company/digitalops,Yes,25-50,,4.5,Founder / CEO / Growth Head,,CEO / Founder,"Scaling AI services, client AI education, talent acquisition","Become top AI marketing agency in Hyderabad, 100+ AI clients by 2027","AI-powered SEO, predictive lead scoring, automated ad management",'DIGITALOPS generated 80K+ leads with AI. We can help you achieve 3x ROI on marketing spend using our AI campaign optimization.',"AI SEO optimization, predictive lead scoring, automated ad management","AI-driven campaign optimization, predictive analytics, automated bidding",Intermediate - AI in marketing,"Google Ads, Meta, HubSpot, SEMrush, Ahrefs","Founder-led, agile, monthly reviews, performance-based",Medium - ₹1-5M AI budgets,"Performance demos, case studies, free AI audits",Hot - AI marketing demand,2025-01-15,,AI-powered ROI tracking with real-time dashboards
DXC Technology,Enterprise / Tech Company,Tier 2 - Warm,75,65,89,No,1,Gachibowli,DLF Cyber City,Block 2,"Tysons, USA",IT Services,Global IT services and consulting,https://www.dxc.com,+91 40 1234 5678,,https://linkedin.com/company/dxc-technology,Yes,"130,000+",$17B+,4.0,CTO - AI & Cloud,CTO - AI & Cloud,,,,,,"AI cloud solutions, enterprise AI, automation",High - AI in enterprise,,,,,,,,"IBM, Accenture, Cognizant",Enterprise AI delivery
Data Glove IT Solutions,Enterprise / Tech Company,Tier 2 - Warm,65,65,78,No,1,Gachibowli,Kapil Towers,Main,"Hyderabad, India",IT Services,IT solutions and services provider,,+91 40 1234 5678,,,Yes,,,4.0,CEO - AI Solutions,CEO - AI Solutions,,,,,,"AI data solutions, analytics, automation",Medium - AI data,,,,,,,,"TCS, Infosys, Wipro",Data AI services
Dell International,Enterprise / Tech Company,Tier 2 - Warm,75,65,89,No,1,HITEC City,Cyber Gateway,Block B,"Round Rock, USA",Hardware / IT,"Subsidiary of Dell Technologies, IT services and support",https://www.dell.com,+91 40 1234 5678,,https://linkedin.com/company/dell-technologies,Yes,"165,000+",$100B+,4.1,VP - AI Infrastructure,VP - AI Infrastructure,,,,,,"AI hardware, edge computing, data center AI",High - AI infrastructure,,,,,,,,"HP, Lenovo, Cisco",AI server and infrastructure R&D
Factset Systems,Enterprise / Tech Company,Tier 2 - Warm,75,65,89,No,1,Gachibowli,Divyasree Orion,Block B5,"Norwalk, USA",Financial Data,Financial data and analytics software,https://www.factset.com,+91 40 1234 5678,,https://linkedin.com/company/factset,Yes,"12,000+",$2B+,4.1,VP - AI Analytics,VP - AI Analytics,,,,,,"AI financial analytics, NLP, predictive modeling",High - AI in finance,,,,,,,,"Bloomberg, Refinitiv, S&P",Financial AI analytics R&D
Finisar India,Enterprise / Tech Company,Tier 2 - Warm,75,65,89,No,1,HITEC City,Cyber Pearl,Block 2,"Sunnyvale, USA",Optical Communications,Provider of optical communication components and subsystems,https://www.finisar.com,+91 40 1234 5678,,https://linkedin.com/company/finisar,Yes,,,4.0,VP - Optical AI,VP - Optical AI,,,,,,"AI in optical networking, signal processing",Low - AI emerging,,,,,,,,"Lumentum, Cisco, Juniper",Optical AI research
GE Digital,Enterprise / Tech Company,Tier 2 - Warm,75,65,89,No,1,HITEC City,Cyber Pearl,Block 1,"San Ramon, USA",Industrial Software,"Software arm of General Electric, industrial IoT and analytics",https://www.ge.com/digital,+91 40 1234 5678,,https://linkedin.com/company/ge-digital,Yes,,,4.1,VP - Predix AI,VP - Predix AI,,,,,,"Industrial AI, digital twins, predictive maintenance",High - Industrial AI,,,,,,,,"Siemens, Hitachi, PTC",Predix platform AI development
GSS Infotech,Enterprise / Tech Company,Tier 2 - Warm,75,65,89,No,1,HITEC City,Cyber Pearl,Block 2,"Hyderabad, India",IT Services,IT services and solutions provider,https://www.gssinfotech.com,+91 40 1234 5678,,https://linkedin.com/company/gss-infotech,Yes,,,4.0,CEO - AI Services,CEO - AI Services,,,,,,"AI IT services, automation, analytics",Medium - AI services,,,,,,,,"TCS, Infosys, Wipro",AI service offerings
Garmin Technologies,Enterprise / Tech Company,Tier 2 - Warm,75,65,89,No,1,HITEC City,Laxmi Cyber City,Main,"Olathe, USA",Consumer Electronics,GPS navigation and wearable technology company,https://www.garmin.com,+91 40 1234 5678,,https://linkedin.com/company/garmin,Yes,"19,000+",$5B+,4.3,VP - AI & Wearables,VP - AI & Wearables,,,,,,"AI fitness tracking, navigation AI, health analytics",Medium - AI in wearables,,,,,,,,"Fitbit, Apple Watch, Samsung",Health AI and wearable analytics
GeeksChip,AI Marketing Agency,Tier 2 - Warm,75,65,89,No,1,"Madhapur, Hyderabad",,,"Madhapur, Hyderabad",Digital Marketing / AI Agency,"Website Design, SEO, SEM, PPC, SMM, ORM",https://geekschip.com,,info@geekschip.com,https://linkedin.com/company/geekschip,Yes,20-40,,4.3,Founder / CEO / Growth Head,,,,,,,"AI healthcare marketing, ORM AI","AI healthcare SEO, reputation management AI, social listening",,,,,,,,,Healthcare sector AI marketing specialist
GenY Medium,AI Marketing Agency,Tier 1 - Hot,100,100,89,No,1,"Madhapur, Hyderabad",,,"Madhapur, Hyderabad",Digital Marketing / AI Agency,"PPC, SEM, SEO, Digital Presence, Marketing Automation, Social Media, Mobile Marketing",https://www.genymedium.com,,support@genymedium.com,https://linkedin.com/company/genymedium,Yes,50+,,4.4,Founder / CEO / Growth Head,,CEO / Founder,"Google algorithm AI changes, AI ad competition, platform dependency","Become Google Premier AI Partner, 100+ enterprise AI clients","AI marketing automation, mobile AI, social media AI",'GenY Medium works with Lenovo and TATA. Our AI marketing automation can increase campaign efficiency by 50% and reduce manual work by 70%.',"AI marketing automation, social media AI","AI marketing automation, mobile marketing AI, social media AI",Intermediate - AI automation,"Google Marketing Platform, Meta, HubSpot","Google Partner program, enterprise sales, C-suite engagement",Medium - ₹2-8M budgets,"Google partner events, enterprise pitches, case studies",Warm - AI automation,2025-01-15,,Google Certified Partner with AI automation
Genpact,Enterprise / Tech Company,Tier 1 - Hot,100,100,89,Yes,2,Gachibowli | HITEC City,DLF Cyber City | Mindspace Madhapur,Block 2 | Building 10,"New York, USA",BPO / Digital Transformation,Professional services firm providing digital transformation and outsourcing,https://www.genpact.com,+91 40 1234 5678,,https://linkedin.com/company/genpact,Yes,"125,000+",$4B+,4.0,SVP - AI & Digital,SVP - AI & Digital,SVP - AI & Digital Transformation,"AI replacing BPO workers, client automation demands, margin compression","Transform from BPO to AI-first digital, 50% AI-automated by 2027","AI@Genpact platform, process mining AI, generative AI for operations",'Genpact processes 1B+ transactions annually. Our AI can automate 50% of manual processes and improve accuracy to 99.5%.',"AI process automation, predictive analytics, NLP",Very High - AI-first BPO,Intermediate - AI in operations,"Salesforce, SAP, Oracle, custom AI platforms","Operations + Technology, efficiency-driven, 12-18 month ROI",Medium - $50M+ AI budget,"Efficiency workshops, ROI calculators, process mining demos",Warm - AI in operations,2025-01-15,"Infosys BPM, WNS, EXL",AI@Genpact platform development
GlobalLogic,Enterprise / Tech Company,Tier 2 - Warm,75,65,89,No,1,Gachibowli,DLF Cyber City,Block 1,"San Jose, USA",Engineering / R&D,Digital product engineering services,https://www.globallogic.com,+91 40 1234 5678,,https://linkedin.com/company/globallogic,Yes,"25,000+",,4.1,CTO - AI Engineering,CTO - AI Engineering,,,,,,"AI product engineering, embedded AI, IoT AI",High - AI in engineering,,,,,,,,"Luxoft, EPAM, Cognizant",AI engineering center in Hyderabad
Gravity Cybertech,Enterprise / Tech Company,Tier 2 - Warm,75,65,89,No,1,HITEC City,Mindspace Madhapur,Maximus 2B,"Hyderabad, India",Cybersecurity,Cybersecurity solutions and services provider,https://www.gravitycybertech.com,+91 40 1234 5678,,https://linkedin.com/company/gravity-cybertech,Yes,,,4.0,CEO - Security AI,CEO - Security AI,,,,,,"AI threat detection, SOAR automation",Medium - AI security growth,,,,,,,,"Palo Alto Networks, CrowdStrike",Expanding AI security portfolio
HSBC,Enterprise / Tech Company,Tier 2 - Warm,75,65,89,Yes,2,HITEC City,Laxmi Cyber City | Mindspace Madhapur,Building 9 | Main,"London, UK",Banking / Financial Services,One of the world's largest banking and financial services organizations,https://www.hsbc.com,+91 40 1234 5678,,https://linkedin.com/company/hsbc,Yes,"220,000+",$50B+,4.0,CIO - Global Banking,CIO - Global Banking,,,,,,"AI risk management, compliance automation, chatbots",High - Regulated AI needs,,,,,,,,"Citi, Barclays, Standard Chartered",AI-powered anti-money laundering
Heron Health,Enterprise / Tech Company,Tier 2 - Warm,65,65,78,No,1,HITEC City,Mindspace Madhapur,Building 12C,"Hyderabad, India",Healthcare IT,Healthcare technology and services company,,+91 40 1234 5678,,,Yes,,,4.0,CEO - Health AI,CEO - Health AI,,,,,,"AI diagnostics, patient analytics, health automation",Medium - Health AI,,,,,,,,"Cerner, Epic, Athenahealth",Healthcare AI solutions
Hinduja Global Solutions,Enterprise / Tech Company,Tier 2 - Warm,75,65,89,No,1,Gachibowli,DLF Cyber City,Block 2,"Bangalore, India",BPO / Services,Business process management and customer services,https://www.hgs.cx,+91 40 1234 5678,,https://linkedin.com/company/hgs,Yes,,,4.0,VP - AI CX,VP - AI CX,,,,,,"AI customer service, voice analytics, chatbots",Medium - AI in BPO,,,,,,,,"Genpact, WNS, Firstsource",AI-powered customer experience
IBM India,Enterprise / Tech Company,Tier 2 - Warm,75,65,89,No,1,Gachibowli,Divyasree Orion,Block B5,"Armonk, USA",IT Services / Cloud,"Indian subsidiary of IBM, cloud and AI services",https://www.ibm.com/in,+91 40 1234 5678,,https://linkedin.com/company/ibm,Yes,"350,000+",$60B+,4.1,CTO - AI & Watson,CTO - AI & Watson,,,,,,"Watson AI, cloud AI, quantum computing",Very High - AI pioneer,,,,,,,,"Microsoft, Google, AWS",Watson AI development in Hyderabad
Infinite Computer Solutions,Enterprise / Tech Company,Tier 2 - Warm,75,65,89,No,1,HITEC City,Cyber Towers,Q3,"Rockville, USA",IT Services,IT services and outsourcing company,https://www.infinite.com,+91 40 1234 5678,,https://linkedin.com/company/infinite-computer-solutions,Yes,,,4.0,VP - AI Delivery,VP - AI Delivery,,,,,,"AI implementation, automation, analytics",Medium - AI services,,,,,,,,"TCS, Infosys, Wipro",AI project delivery
Inovies,AI Marketing Agency,Tier 2 - Warm,75,65,89,No,1,"Madhapur, Hyderabad",,,"Madhapur, Hyderabad",Digital Marketing / AI Agency,"Influencer Marketing, Growth Hacking, Web Analytics, Mobile Marketing, Video Marketing, ORM",https://www.inovies.com,,info@inovies.com,https://linkedin.com/company/inovies,Yes,20-40,,4.2,Founder / CEO / Growth Head,,,,,,,"AI influencer marketing, growth hacking AI","AI influencer matching, growth hacking AI, video AI",,,,,,,,,10+ years experience with AI analytics
Intelex Systems,Enterprise / Tech Company,Tier 2 - Warm,65,65,78,No,1,Gachibowli,PSR Prime Tower,Main,"Hyderabad, India",Software,Software development and IT services,,+91 40 1234 5678,,,Yes,,,4.0,Director - AI Software,Director - AI Software,,,,,,"AI software development, product engineering",Medium - AI engineering,,,,,,,,"TCS, Infosys, Wipro",AI software delivery
Intertech Labs,Enterprise / Tech Company,Tier 2 - Warm,65,65,78,No,1,Gachibowli,PSR Prime Tower,Main,"Hyderabad, India",IT Services,Technology and software development services,,+91 40 1234 5678,,,Yes,,,4.0,Director - AI Engineering,Director - AI Engineering,,,,,,"AI software development, product engineering",Medium - AI engineering,,,,,,,,"TCS, Infosys, Wipro",AI technology services
Invesco Asset Management,Enterprise / Tech Company,Tier 2 - Warm,75,65,89,No,1,Gachibowli,Divyasree Orion,Block B6,"Atlanta, USA",Asset Management,Global investment management company,https://www.invesco.com,+91 40 1234 5678,,https://linkedin.com/company/invesco,Yes,"8,000+",,4.1,VP - AI Investment,VP - AI Investment,,,,,,"AI investment analytics, portfolio optimization, risk AI",High - AI in asset management,,,,,,,,"BlackRock, Vanguard, Fidelity",Investment AI analytics
J.P. Morgan,Enterprise / Tech Company,Tier 1 - Hot,100,100,89,No,1,HITEC City,Mindspace Madhapur,Building 11,"New York, USA",Investment Banking,"Global financial services firm, investment banking, asset management",https://www.jpmorgan.com,+91 40 1234 5678,,https://linkedin.com/company/jpmorgan,Yes,"290,000+",$130B+,4.1,MD - Technology Investment Banking,MD - Technology Investment Banking,Managing Director - Technology,"AI model risk management, trading algorithm accuracy, regulatory scrutiny","AI-driven alpha generation, risk reduction, operational efficiency","AI trading algorithms, risk model optimization, regulatory AI compliance",'JPMorgan manages $3.7T in assets. Our AI trading models can improve alpha by 2-3% and reduce risk exposure by 15%.',"AI trading algorithms, fraud detection, wealth management AI",Very High - AI in finance,Very Advanced - AI in finance,"Python, R, AWS, Bloomberg, custom quant platforms","Quant + Risk + Technology, rigorous backtesting, 18-24 month cycles",Very High - $500M+ AI budget,"Quant presentations, backtesting results, risk model comparisons",Hot - AI trading arms race,2025-01-15,"Goldman Sachs, Morgan Stanley, Citi",Hyderabad center supports global AI trading
Kanerika Software,Enterprise / Tech Company,Tier 2 - Warm,75,65,89,No,1,Gachibowli,DLF Cyber City,Block 2,"Hyderabad, India",Software,Software product development and services,https://www.kanerika.com,+91 40 1234 5678,,https://linkedin.com/company/kanerika,Yes,,,4.0,CEO - AI Products,CEO - AI Products,,,,,,"AI product development, data engineering",Medium - AI products,,,,,,,,"TCS, Infosys, Wipro",AI product engineering
Kapil IT Solutions,Enterprise / Tech Company,Tier 2 - Warm,75,65,100,No,1,Gachibowli,Kapil Towers,Main,"Hyderabad, India",IT Services,IT services and solutions provider,https://www.kapilitsolutions.com,+91 98336 17779,enquiry@kapilcommercial.com,,Yes,,,4.0,Director - AI Services,Director - AI Services,,,,,,"AI IT services, automation, cloud AI",Medium - AI services,,,,,,,,"TCS, Infosys, Wipro",AI service delivery
Karur Vysya Bank,Enterprise / Tech Company,Tier 2 - Warm,75,65,89,No,1,HITEC City,Cyber Pearl,Block 1,"Karur, India",Banking,Indian private-sector bank,https://www.kvb.co.in,+91 40 1234 5678,,https://linkedin.com/company/karur-vysya-bank,Yes,"8,000+",,4.0,CIO - Digital Banking,CIO - Digital Banking,,,,,,"AI credit scoring, chatbots, fraud detection",Medium - BFSI AI,,,,,,,,"HDFC, ICICI, Axis",Digital banking AI initiatives
Knoah Solutions,Enterprise / Tech Company,Tier 2 - Warm,75,65,89,No,1,HITEC City,Mindspace Madhapur,Building 2,"Las Vegas, USA",BPO / Customer Service,Customer experience and BPO services,https://www.knoahsoft.com,+91 40 1234 5678,,https://linkedin.com/company/knoah-solutions,Yes,,,4.0,VP - AI Customer Experience,VP - AI Customer Experience,,,,,,"AI chatbots, voice analytics, sentiment analysis",Medium - AI CX growth,,,,,,,,"Concentrix, Sitel, Teleperformance",AI-powered customer analytics
Kyndryl Solutions,Enterprise / Tech Company,Tier 2 - Warm,75,65,89,No,1,Gachibowli,Divyasree Orion,Block B6,"New York, USA",IT Infrastructure,IBM spin-off providing IT infrastructure services,https://www.kyndryl.com,+91 40 1234 5678,,https://linkedin.com/company/kyndryl,Yes,"90,000+",$19B+,4.0,VP - AI Infrastructure,VP - AI Infrastructure,,,,,,"AI infrastructure management, cloud AI, automation",High - AI in infrastructure,,,,,,,,"DXC, Atos, Cognizant",AI infrastructure services
Logicmatter India,Enterprise / Tech Company,Tier 2 - Warm,65,65,78,No,1,Gachibowli,PSR Prime Tower,Main,"Hyderabad, India",IT Services,Software and technology consulting,,+91 40 1234 5678,,,Yes,,,4.0,CEO - AI Consulting,CEO - AI Consulting,,,,,,"AI consulting, technology strategy, automation",Medium - AI consulting,,,,,,,,"Infosys, TCS, Wipro",AI consulting services
Microsemi India,Enterprise / Tech Company,Tier 2 - Warm,75,65,89,No,1,Gachibowli,Kapil Towers,Main,"Chandler, USA",Semiconductor,"Subsidiary of Microchip Technology, semiconductor solutions",https://www.microchip.com,+91 40 1234 5678,,https://linkedin.com/company/microchip-technology,Yes,,,4.0,VP - AI Hardware,VP - AI Hardware,,,,,,"AI chip design, edge AI hardware",Medium - AI hardware,,,,,,,,"Intel, NVIDIA, Qualcomm",Semiconductor AI research
Mindtree,Enterprise / Tech Company,Tier 2 - Warm,75,65,89,No,1,Gachibowli,Divyasree Orion,Block B6,"Bangalore, India",IT Services,Indian IT services and consulting company,https://www.mindtree.com,+91 40 1234 5678,,https://linkedin.com/company/mindtree,Yes,"30,000+",,4.1,CTO - AI & Digital,CTO - AI & Digital,,,,,,"AI digital solutions, customer AI, automation",High - AI in services,,,,,,,,"Infosys, TCS, Wipro",AI digital transformation
NASSCOM,Enterprise / Tech Company,Tier 2 - Warm,75,65,89,No,1,HITEC City,Mindspace Madhapur,Maximus 2B,"New Delhi, India",Industry Association,"Indian IT industry's trade association, promotes innovation and growth",https://www.nasscom.in,+91 40 1234 5678,,https://linkedin.com/company/nasscom,Yes,,,4.5,President - AI & Emerging Tech,President - AI & Emerging Tech,,,,,,"AI policy, skilling, industry standards",High - AI advocacy,,,,,,,,"TIE, CII, FICCI",Hyderabad AI Hub initiative
NCR Corporation,Enterprise / Tech Company,Tier 2 - Warm,75,65,89,No,1,HITEC City,Mindspace Madhapur,Building 12B,"Atlanta, USA",Technology / Hardware,American software and technology company for banking and retail,https://www.ncr.com,+91 40 1234 5678,,https://linkedin.com/company/ncr-corporation,Yes,"35,000+",$7B+,4.0,VP - Retail AI,VP - Retail AI,,,,,,"AI self-checkout, retail analytics, ATM AI",Medium - AI in retail/banking,,,,,,,,"Diebold Nixdorf, Fujitsu",ATM AI and retail analytics R&D
NTT DATA,Enterprise / Tech Company,Tier 2 - Warm,75,65,89,No,1,Gachibowli,Divyasree Orion,Block B5,"Tokyo, Japan",IT Services,Japanese IT services and consulting company,https://www.nttdata.com,+91 40 1234 5678,,https://linkedin.com/company/ntt-data,Yes,"190,000+",$20B+,4.0,SVP - AI & Data,SVP - AI & Data,,,,,,"AI data services, enterprise AI, automation",High - AI in services,,,,,,,,"NTT, Accenture, IBM",AI data delivery center
Oppo Mobile,Enterprise / Tech Company,Tier 2 - Warm,75,65,89,No,1,HITEC City,Mindspace Madhapur,Building 12,"Dongguan, China",Consumer Electronics,Chinese consumer electronics and mobile communications company,https://www.oppo.com,+91 40 1234 5678,,https://linkedin.com/company/oppo,Yes,"40,000+",$15B+,4.1,Director - AI Camera,Director - AI Camera,,,,,,"AI photography, voice assistants, device optimization",Medium - AI in mobile,,,,,,,,"Samsung, Xiaomi, Vivo",AI camera R&D in Hyderabad
Pactera,Enterprise / Tech Company,Tier 2 - Warm,75,65,89,No,1,HITEC City,Mindspace Madhapur,Building 12D,"Beijing, China",IT Services,Global consulting and technology services company,https://www.pactera.com,+91 40 1234 5678,,https://linkedin.com/company/pactera,Yes,,,4.0,VP - AI Solutions,VP - AI Solutions,,,,,,"AI consulting, ML implementation, data engineering",Medium - AI services,,,,,,,,"Infosys, Cognizant, Wipro",AI delivery center in Hyderabad
Pegasystems,Enterprise / Tech Company,Tier 2 - Warm,75,65,89,No,1,HITEC City,Mindspace Madhapur,Building 12A,"Cambridge, USA",Software / CRM,Low-code platform for AI-powered decisioning and workflow automation,https://www.pega.com,+91 40 1234 5678,,https://linkedin.com/company/pegasystems,Yes,"6,000+",$1.2B+,4.1,VP Product - AI Decisioning,VP Product - AI Decisioning,,,,,,"Real-time AI decisioning, customer engagement AI",Very High - AI-native platform,,,,,,,,"Salesforce, ServiceNow, Appian",Hyderabad is largest R&D center outside US
Pranaya Life Sciences,Enterprise / Tech Company,Tier 2 - Warm,65,65,78,No,1,Gachibowli,PSR Prime Tower,Main,"Hyderabad, India",Healthcare,Life sciences and healthcare technology,,+91 40 1234 5678,,,Yes,,,4.0,CEO - Health AI,CEO - Health AI,,,,,,"AI drug discovery, clinical analytics, health AI",Medium - Health AI,,,,,,,,"Dr. Reddy's, Biocon, Laurus",Life sciences AI research
Prometric Testing,Enterprise / Tech Company,Tier 2 - Warm,75,65,89,No,1,Gachibowli,Kapil Towers,Main,"Baltimore, USA",EdTech / Assessment,Global leader in technology-enabled testing and assessment,https://www.prometric.com,+91 40 1234 5678,,https://linkedin.com/company/prometric,Yes,,,4.0,VP - AI Assessment,VP - AI Assessment,,,,,,"AI proctoring, adaptive testing, analytics",Medium - AI in EdTech,,,,,,,,"Pearson VUE, PSI, Kryterion",AI testing and assessment
Qualcomm,Enterprise / Tech Company,Tier 1 - Hot,100,100,100,No,1,HITEC City,Mindspace Madhapur,Building 3A,"San Diego, USA",Semiconductor / Telecom,"Designs and markets wireless telecommunications products and services, Snapdragon processors",https://www.qualcomm.com,+91 40 1234 5678,info@qualcomm.com,https://linkedin.com/company/qualcomm,Yes,"50,000+",$35B+,4.2,VP Engineering - AI & Edge Computing,VP Engineering - AI & Edge Computing,VP of Engineering - AI,"Power efficiency for on-device AI, edge AI performance, thermal management","Lead AI chip market, enable next-gen AI devices, optimize NPU performance","AI model optimization for Snapdragon, on-device LLM deployment, edge AI SDK","'Qualcomm's Snapdragon is in 2B+ devices. Our AI optimization can reduce model size by 60% while maintaining 95% accuracy, enabling real-time AI on every phone.'","On-device AI, edge computing, 5G AI optimization",Very High - AI in chip design,Very Advanced - AI-native hardware,"TensorFlow, PyTorch, ONNX, custom silicon","Engineering-led, technical evaluation, 12-18 month roadmap",High - $50M+ R&D budget,"Technical deep dives, benchmark comparisons, patent collaborations",Hot - AI hardware race,2025-01-15,"MediaTek, Intel, NVIDIA",Opened AI R&D lab in Hyderabad
Qualcomm India,Enterprise / Tech Company,Tier 2 - Warm,75,65,89,No,1,HITEC City,Mindspace Madhapur,Maximus 2B,"Hyderabad, India",Semiconductor,"Indian subsidiary of Qualcomm, chip design and R&D",https://www.qualcomm.com,+91 40 1234 5678,,https://linkedin.com/company/qualcomm,Yes,"5,000+",,4.2,Director - AI Research,Director - AI Research,,,,,,"On-device AI, neural processing units, 5G AI",Very High - AI R&D hub,,,,,,,,"Intel India, NVIDIA India",Largest engineering center outside US
Salesforce.com India,Enterprise / Tech Company,Tier 2 - Warm,75,65,89,No,1,Gachibowli,Divyasree Orion,Block B5,"San Francisco, USA",SaaS / CRM,"Cloud-based software company, CRM and enterprise applications",https://www.salesforce.com,+91 40 1234 5678,,https://linkedin.com/company/salesforce,Yes,"77,000+",$34B+,4.2,VP - AI & Einstein,VP - AI & Einstein,,,,,,"Einstein AI, CRM AI, predictive analytics",Very High - AI-native SaaS,,,,,,,,"Microsoft Dynamics, SAP, Oracle",Einstein AI development in Hyderabad
Shoot Order,AI Marketing Agency,Tier 1 - Hot,100,100,89,No,1,"Madhapur, HITEC City",,,"Madhapur, HITEC City",Digital Marketing / AI Agency,"Web App Development, Email Marketing, PPC, Affiliate Marketing, SEO, SMM",https://www.shootorder.com,,info@shootorder.com,https://linkedin.com/company/shootorder,Yes,50+,,4.3,Founder / CEO / Growth Head,,CEO / Director,"AI competition from larger agencies, client retention, AI skill gaps","Integrate AI across all services, 50% AI-driven revenue by 2026","AI media buying, automated email optimization, SEO AI",'Shoot Order manages 400+ clients. Our AI media buying can reduce CAC by 30% and improve ROAS by 45%.',"AI media buying, email automation AI","AI media buying, automated email optimization, SEO AI",Intermediate - AI integration,"Google Ads, Meta, Mailchimp, SEMrush","CEO-led, client success focused, quarterly planning",Medium - ₹2-10M budgets,"Client success stories, AI case studies, media buying demos",Warm - AI adoption,2025-01-15,,Unique social demeanor with AI media planning
Smartworks,Enterprise / Tech Company,Tier 2 - Warm,75,65,89,No,1,HITEC City,Mindspace Madhapur,Building 3,"Bangalore, India",Co-working / Flexible Office,Managed office space and co-working solutions for enterprises,https://www.smartworksoffice.com,+91 40 1234 5678,,https://linkedin.com/company/smartworks,Yes,,,4.2,CTO - PropTech AI,CTO - PropTech AI,,,,,,"AI space optimization, workplace analytics",Medium - AI in real estate,,,,,,,,"WeWork, Awfis, 91Springboard",AI-powered workspace management
Synechron Technologies,Enterprise / Tech Company,Tier 2 - Warm,75,65,89,No,1,Gachibowli,Divyasree Orion,Block B5,"Piscataway, USA",IT Services,Digital transformation consulting and technology services,https://www.synechron.com,+91 40 1234 5678,,https://linkedin.com/company/synechron,Yes,,,4.0,VP - AI & Fintech,VP - AI & Fintech,,,,,,"AI fintech, insurance AI, wealth management AI",High - AI in fintech,,,,,,,,"Infosys, TCS, Wipro",Fintech AI solutions
TIBCO Software,Enterprise / Tech Company,Tier 2 - Warm,75,65,89,No,1,Gachibowli,DLF Cyber City,Block 1,"Palo Alto, USA",Software / Analytics,"Enterprise software for integration, analytics, event processing",https://www.tibco.com,+91 40 1234 5678,,https://linkedin.com/company/tibco,Yes,"4,000+",,4.0,VP - AI Analytics,VP - AI Analytics,,,,,,"AI data analytics, predictive modeling, real-time AI",High - AI analytics,,,,,,,,"IBM, SAS, Palantir",Analytics AI development
Telstra,Enterprise / Tech Company,Tier 2 - Warm,75,65,89,No,1,HITEC City,Mindspace Madhapur,Building 12D,"Melbourne, Australia",Telecom,Australia's largest telecommunications company,https://www.telstra.com.au,+91 40 1234 5678,,https://linkedin.com/company/telstra,Yes,"30,000+",$20B+,4.0,Director - AI & Automation,Director - AI & Automation,,,,,,"AI network ops, customer service AI, predictive maintenance",Medium - AI in telecom,,,,,,,,"Optus, Vodafone AU",Offshore AI development center
Thomson Reuters,Enterprise / Tech Company,Tier 2 - Warm,75,65,89,No,1,HITEC City,Mindspace Madhapur,Building 11,"Toronto, Canada",Information Services,"Multinational media and information firm, news agency, financial data",https://www.thomsonreuters.com,+91 40 1234 5678,,https://linkedin.com/company/thomson-reuters,Yes,"25,000+",$6B+,4.0,CTO - Data & Analytics,CTO - Data & Analytics,,,,,,"AI content generation, legal AI, financial data NLP",High - NLP and content AI,,,,,,,,"Bloomberg, Dow Jones, Refinitiv",Legal AI product development in Hyderabad
UST Global,Enterprise / Tech Company,Tier 2 - Warm,75,65,89,No,1,HITEC City,Cyber Pearl,Block 2,"Aliso Viejo, USA",IT Services,Digital transformation solutions company,https://www.ust.com,+91 40 1234 5678,,https://linkedin.com/company/ustglobal,Yes,"30,000+",$1B+,4.1,CTO - AI & Innovation,CTO - AI & Innovation,,,,,,"AI product development, intelligent automation, data science",High - AI in services,,,,,,,,"Infosys, TCS, Cognizant",AI CoE in Hyderabad
Unisys,Enterprise / Tech Company,Tier 2 - Warm,75,65,89,No,1,Gachibowli,DLF Cyber City,Block 2,"Blue Bell, USA",IT Services,Global IT services company,https://www.unisys.com,+91 40 1234 5678,,https://linkedin.com/company/unisys,Yes,"20,000+",,4.0,CTO - AI & Security,CTO - AI & Security,,,,,,"AI security, cloud AI, automation",Medium - AI in IT,,,,,,,,"IBM, DXC, Atos",AI security solutions
Value Add Knowledge Services,Enterprise / Tech Company,Tier 2 - Warm,65,65,78,No,1,HITEC City,Mindspace Madhapur,Maximus 2B,"Hyderabad, India",KPO / Analytics,Knowledge process outsourcing and data analytics services,,+91 40 1234 5678,,,Yes,,,4.0,Director - AI Analytics,Director - AI Analytics,,,,,,"Data analytics AI, NLP automation",Medium - AI analytics,,,,,,,,"Genpact, WNS, EXL",Growing AI data services
ValueMomentum Software,Enterprise / Tech Company,Tier 2 - Warm,75,65,89,No,1,Gachibowli,Divyasree Orion,Block B6,"Hyderabad, India",Insurance IT,Technology solutions for insurance industry,https://www.valuemomentum.com,+91 40 1234 5678,,https://linkedin.com/company/valuemomentum,Yes,,,4.0,CEO - Insurance AI,CEO - Insurance AI,,,,,,"AI insurance analytics, claims AI, underwriting AI",Medium - AI in insurance,,,,,,,,"Duck Creek, Guidewire, Majesco",Insurance AI solutions
Verizon,Enterprise / Tech Company,Tier 2 - Warm,75,65,89,No,1,HITEC City,Mindspace Madhapur,Building 12,"New York, USA",Telecom,"American wireless network operator, one of the largest telecom companies",https://www.verizon.com,+91 40 1234 5678,,https://linkedin.com/company/verizon,Yes,"100,000+",$130B+,4.0,VP - Network AI,VP - Network AI,,,,,,"AI network optimization, predictive maintenance, 5G AI",High - Telecom AI,,,,,,,,"AT&T, T-Mobile, Vodafone",Hyderabad R&D for network AI
Vodafone,Enterprise / Tech Company,Tier 2 - Warm,75,65,89,No,1,HITEC City,Mindspace Madhapur,Building 12,"Newbury, UK",Telecom,British multinational telecommunications company,https://www.vodafone.com,+91 40 1234 5678,,https://linkedin.com/company/vodafone,Yes,"100,000+",$50B+,4.0,CTO - AI & Analytics,CTO - AI & Analytics,,,,,,"AI customer analytics, network optimization, fraud detection",High - AI in telecom,,,,,,,,"Verizon, Airtel, Jio",Shared services center AI projects
Wells Fargo International,Enterprise / Tech Company,Tier 2 - Warm,75,65,89,No,1,Gachibowli,Divyasree Orion,Block B5,"San Francisco, USA",Banking,Global banking and financial services,https://www.wellsfargo.com,+91 40 1234 5678,,https://linkedin.com/company/wells-fargo,Yes,,,4.0,SVP - AI Banking,SVP - AI Banking,,,,,,"AI risk management, customer AI, fraud detection",High - AI in banking,,,,,,,,"JPMorgan, Bank of America, Citi",AI banking operations center
Wipro,Enterprise / Tech Company,Tier 1 - Hot,100,100,89,No,1,HITEC City,Mindspace Madhapur,Building 12D,"Bangalore, India",IT Services,Indian multinational corporation providing IT consulting and business process services,https://www.wipro.com,+91 40 1234 5678,,https://linkedin.com/company/wipro,Yes,"250,000+",$10B+,4.0,CTO - AI & Innovation,CTO - AI & Innovation,CTO - AI & Innovation,"HOLMES platform adoption, AI talent retention, competitive differentiation","Make Wipro a top 3 AI services provider, 30% AI revenue by 2030","HOLMES AI enhancement, generative AI solutions, AI-powered IT ops",'Wipro's HOLMES AI manages 10K+ IT environments. Our AI can reduce IT incidents by 60% and automate 70% of routine maintenance.',"AI solutions for clients, Wipro HOLMES AI platform",Very High - AI in services,Advanced - AI in services,"Azure, AWS, GCP, HOLMES, Topaz","C-suite + Client, innovation labs, co-creation",High - $150M+ AI budget,"Innovation days, client co-creation, Wipro AI summit",Warm - AI transformation,2025-01-15,"TCS, Infosys, Cognizant",Hyderabad AI lab for client delivery
Xoriant Solutions,Enterprise / Tech Company,Tier 2 - Warm,75,65,89,No,1,HITEC City,Cyber Gateway,Block B,"Cupertino, USA",IT Services,Software engineering and technology services,https://www.xoriant.com,+91 40 1234 5678,,https://linkedin.com/company/xoriant,Yes,,,4.0,CTO - AI & Engineering,CTO - AI & Engineering,,,,,,"AI engineering services, ML ops, cloud AI",Medium - AI engineering,,,,,,,,"Infosys, TCS, Cognizant",AI engineering delivery
Zebi Data India,Enterprise / Tech Company,Tier 2 - Warm,75,65,89,No,1,Gachibowli,Kapil Towers,Main,"Hyderabad, India",Blockchain / Data,Blockchain and data security solutions,https://www.zebi.io,+91 40 1234 5678,,https://linkedin.com/company/zebi-data,Yes,,,4.0,CEO - Blockchain AI,CEO - Blockchain AI,,,,,,"AI blockchain, data security, analytics",Medium - AI blockchain,,,,,,,,"Chainalysis, IBM Blockchain",Blockchain AI solutions
i Prism Technologies,AI Marketing Agency,Tier 2 - Warm,75,65,89,No,1,"Gachibowli, Hyderabad",,,"Gachibowli, Hyderabad",Digital Marketing / AI Agency,"Mobile App, Website Development, Digital Marketing, SEO, SMO, SEM",https://www.iprismtech.com,,info@iprismtech.com,https://linkedin.com/company/iprismtech,Yes,50+,,4.3,Founder / CEO / Growth Head,,,,,,,"AI app optimization, mobile AI marketing","AI app optimization, mobile marketing AI, SEO AI",,,,,,,,,ISO certified global leader with AI
